-- phpMyAdmin SQL Dump
-- version 5.1.2
-- https://www.phpmyadmin.net/
--
-- 主機： localhost:8889
-- 產生時間： 2026-01-24 08:32:16
-- 伺服器版本： 5.7.24
-- PHP 版本： 8.3.1

SET SQL_MODE = "NO_AUTO_VALUE_ON_ZERO";
START TRANSACTION;
SET time_zone = "+00:00";


/*!40101 SET @OLD_CHARACTER_SET_CLIENT=@@CHARACTER_SET_CLIENT */;
/*!40101 SET @OLD_CHARACTER_SET_RESULTS=@@CHARACTER_SET_RESULTS */;
/*!40101 SET @OLD_COLLATION_CONNECTION=@@COLLATION_CONNECTION */;
/*!40101 SET NAMES utf8mb4 */;

--
-- 資料庫: `backhome_db`
--

-- --------------------------------------------------------

--
-- 資料表結構 `impact_metrics`
--

CREATE TABLE IF NOT EXISTS `impact_metrics` (
  `IMPACT_METRICS_ID` int(11) NOT NULL COMMENT '我們的影響力編號',
  `DATA_YEAR` year(4) NOT NULL COMMENT '資料年份',
  `UPLOAD_DATE` datetime NOT NULL DEFAULT CURRENT_TIMESTAMP COMMENT '上傳時間',
  `TURTLES_IN_REHAB` int(11) NOT NULL DEFAULT '0' COMMENT '治療中海龜總數',
  `TURTLES_RELEASED` int(11) NOT NULL DEFAULT '0' COMMENT '治療中已野放海龜總數',
  `HATCHLINGS_GUIDED` int(11) NOT NULL DEFAULT '0' COMMENT '引導入海幼龜數量',
  `COASTLINE_PATROLLED` int(11) NOT NULL DEFAULT '0' COMMENT '巡邏海岸線公里數',
  `MEDICAL_SURGERIES` int(11) NOT NULL DEFAULT '0' COMMENT '專業醫療手術場次',
  `TOTAL_WASTE` decimal(10,2) NOT NULL DEFAULT '0.00' COMMENT '廢棄物總計',
  `PET_BOTTLES` decimal(10,2) NOT NULL DEFAULT '0.00' COMMENT '寶特瓶重量',
  `IRON_CANS` decimal(10,2) NOT NULL DEFAULT '0.00' COMMENT '鐵罐重量',
  `ALUMINUM_CANS` decimal(10,2) NOT NULL DEFAULT '0.00' COMMENT '鋁罐重量',
  `WASTE_PAPER` decimal(10,2) NOT NULL DEFAULT '0.00' COMMENT '廢紙重量',
  `GLASS_BOTTLES` decimal(10,2) NOT NULL DEFAULT '0.00' COMMENT '玻璃瓶重量',
  `STYROFOAM` decimal(10,2) NOT NULL DEFAULT '0.00' COMMENT '保麗龍重量',
  `BAMBOO_WOOD` decimal(10,2) NOT NULL DEFAULT '0.00' COMMENT '竹木重量',
  `FISHING_GEAR` decimal(10,2) NOT NULL DEFAULT '0.00' COMMENT '廢漁具漁網重量',
  `UNSORTED_WASTE` decimal(10,2) NOT NULL DEFAULT '0.00' COMMENT '無法分類廢棄物重量'
) ENGINE=InnoDB DEFAULT CHARSET=utf8mb4;


--
-- 傾印資料表的資料 `impact_metrics`
--

INSERT INTO `impact_metrics` (`IMPACT_METRICS_ID`, `DATA_YEAR`, `UPLOAD_DATE`, `TURTLES_IN_REHAB`, `TURTLES_RELEASED`, `HATCHLINGS_GUIDED`, `COASTLINE_PATROLLED`, `MEDICAL_SURGERIES`, `TOTAL_WASTE`, `PET_BOTTLES`, `IRON_CANS`, `ALUMINUM_CANS`, `WASTE_PAPER`, `GLASS_BOTTLES`, `STYROFOAM`, `BAMBOO_WOOD`, `FISHING_GEAR`, `UNSORTED_WASTE`) VALUES
(1, 2025, '2026-01-24 11:06:29', 988, 0, 624, 24816, 142, '42500.00', '8500.00', '1200.00', '950.00', '2100.00', '3400.00', '4200.00', '5800.00', '12500.00', '3850.00'),
(2, 2024, '2026-01-24 11:06:29', 856, 0, 551, 21500, 128, '34800.00', '6800.00', '1100.00', '850.00', '1800.00', '2900.00', '3500.00', '4600.00', '10200.00', '3050.00'),
(3, 2023, '2026-01-24 11:06:29', 720, 0, 492, 18200, 95, '28500.00', '5400.00', '950.00', '720.00', '1400.00', '2200.00', '2800.00', '3900.00', '8500.00', '2630.00'),
(4, 2022, '2026-01-24 11:06:29', 642, 0, 438, 16500, 87, '25280.00', '4800.00', '850.00', '650.00', '1250.00', '1950.00', '2400.00', '3500.00', '7600.00', '2280.00'),
(5, 2021, '2026-01-24 11:06:29', 578, 0, 395, 14800, 76, '22290.00', '4200.00', '760.00', '580.00', '1100.00', '1700.00', '2100.00', '3100.00', '6800.00', '1950.00'),
(6, 2020, '2026-01-24 11:06:29', 485, 0, 342, 12600, 64, '19530.00', '3650.00', '680.00', '520.00', '980.00', '1480.00', '1850.00', '2750.00', '5900.00', '1720.00'),
(7, 2019, '2026-01-24 11:06:29', 412, 0, 298, 10900, 55, '16960.00', '3100.00', '590.00', '460.00', '850.00', '1280.00', '1600.00', '2400.00', '5200.00', '1480.00'),
(8, 2018, '2026-01-24 11:06:29', 356, 0, 264, 9500, 47, '14810.00', '2650.00', '520.00', '410.00', '740.00', '1120.00', '1380.00', '2100.00', '4600.00', '1290.00'),
(9, 2017, '2026-01-24 11:06:29', 298, 0, 225, 8200, 38, '12530.00', '2180.00', '450.00', '360.00', '630.00', '950.00', '1180.00', '1800.00', '3900.00', '1080.00'),
(10, 2016, '2026-01-24 11:06:29', 242, 0, 186, 7100, 31, '10800.00', '1850.00', '390.00', '310.00', '540.00', '820.00', '1020.00', '1550.00', '3400.00', '920.00'),
(11, 2015, '2026-01-24 11:06:29', 198, 0, 152, 6200, 26, '9350.00', '1580.00', '340.00', '270.00', '470.00', '710.00', '890.00', '1350.00', '2950.00', '790.00'),
(12, 2014, '2026-01-24 11:06:29', 162, 0, 124, 5400, 21, '8130.00', '1350.00', '295.00', '235.00', '410.00', '620.00', '780.00', '1180.00', '2580.00', '680.00');

--
-- 已傾印資料表的索引
--

--
-- 資料表索引 `impact_metrics`
--
ALTER TABLE `impact_metrics`
  ADD PRIMARY KEY (`IMPACT_METRICS_ID`);

--
-- 在傾印的資料表使用自動遞增(AUTO_INCREMENT)
--

--
-- 使用資料表自動遞增(AUTO_INCREMENT) `impact_metrics`
--
ALTER TABLE `impact_metrics`
  MODIFY `IMPACT_METRICS_ID` int(11) NOT NULL AUTO_INCREMENT COMMENT '我們的影響力編號', AUTO_INCREMENT=13;
COMMIT;

--
-- 資料表結構 `admin_user`
--

CREATE TABLE `admin_user` (
  `admin_id` VARCHAR(20) NOT NULL COMMENT '管理者帳號 / ID',
  `admin_name` VARCHAR(50) NOT NULL COMMENT '管理者姓名',
  `admin_pwd` VARCHAR(100) NOT NULL COMMENT '管理者登入密碼（雜湊）',
  `admin_role` VARCHAR(10) NOT NULL COMMENT '管理者角色權限',
  `admin_active` BOOLEAN NOT NULL DEFAULT 1 COMMENT '管理者帳號啟用狀態',
  `admin_created_at` DATETIME NOT NULL DEFAULT CURRENT_TIMESTAMP COMMENT '管理者帳號建立時間',
  `admin_last_login_time` DATETIME NULL COMMENT '管理者最後登入時間',
  PRIMARY KEY (`admin_id`)
) ENGINE=InnoDB DEFAULT CHARSET=utf8mb4 COMMENT='後台管理者';

--
-- 傾印資料表的資料 `admin_user`
--

INSERT INTO `admin_user`
(`admin_id`, `admin_name`, `admin_pwd`, `admin_role`)
VALUES
('admin001', '系統管理員', '$2y$10$n.vPvLKvr9cYYQK.T7qHAOvsqi1Z19DPy/pDNSdwkS/qjb5kXqufW', 'super');

--
-- 資料表結構 `members`
--

CREATE TABLE `members` (
  `member_id` INT NOT NULL AUTO_INCREMENT COMMENT '會員識別編號',
  `member_realname` VARCHAR(50) NOT NULL COMMENT '會員姓名',
  `member_email` VARCHAR(100) NOT NULL COMMENT '會員 Email（登入帳號）',
  `member_password` VARCHAR(255) NOT NULL COMMENT '會員登入密碼（bcrypt 雜湊）',
  `member_phone` VARCHAR(20) DEFAULT NULL COMMENT '聯絡電話',
  `id_number` VARCHAR(10) DEFAULT NULL COMMENT '身分證字號',
  `birthday` DATE DEFAULT NULL COMMENT '出生年月日',
  `emergency` VARCHAR(20) DEFAULT NULL COMMENT '緊急聯絡人',
  `emergency_tel` VARCHAR(20) DEFAULT NULL COMMENT '緊急聯絡電話',
  `email_verified_at` DATETIME DEFAULT NULL COMMENT 'Email 驗證成功時間',
  `member_active` TINYINT(1) NOT NULL DEFAULT 0 COMMENT '會員啟用狀態（0未啟用/1啟用）',
  `member_created_at` DATETIME NOT NULL DEFAULT CURRENT_TIMESTAMP COMMENT '會員建立時間',
  PRIMARY KEY (`member_id`),
  UNIQUE KEY `uk_members_email` (`member_email`)
) ENGINE=InnoDB
DEFAULT CHARSET=utf8mb4
COMMENT='前台會員資料';

--
-- 傾印資料表的資料 `members`
--

INSERT INTO `members`
(
  `member_realname`,
  `member_email`,
  `member_password`,
  `member_active`
)
VALUES
(
  '王小明',
  'test01@example.com',
  '$2y$10$fO7/2axoVC0RDEsK./rBX.fT5hOtTz19z02/dsLWzmy3G7oES.SdG',
  1
);

--
-- 資料表結構 `member_email_verification`
--

CREATE TABLE `member_email_verification` (
  `verification_id` INT NOT NULL AUTO_INCREMENT COMMENT '驗證流水號',
  `member_id` INT NOT NULL COMMENT '對應會員識別編號',
  `code_hash` VARCHAR(255) NOT NULL COMMENT '驗證碼雜湊（不要存明碼）',
  `expires_at` DATETIME NOT NULL COMMENT '過期時間',
  `verified_at` DATETIME DEFAULT NULL COMMENT '驗證成功時間',
  `used_at` DATETIME DEFAULT NULL COMMENT '註冊使用時間',
  `attempts` INT NOT NULL DEFAULT 0 COMMENT '輸入錯誤次數',
  `created_at` DATETIME NOT NULL DEFAULT CURRENT_TIMESTAMP COMMENT '建立時間',
  PRIMARY KEY (`verification_id`),
  CONSTRAINT `fk_verification_member`
    FOREIGN KEY (`member_id`) REFERENCES `members`(`member_id`)
    ON DELETE CASCADE
) ENGINE=InnoDB
DEFAULT CHARSET=utf8mb4
COMMENT='會員註冊 Email 驗證碼';

--
-- 資料表結構 `RESCUES`
--

CREATE TABLE `RESCUES` (
  `RESCUE_ID` int(11) NOT NULL COMMENT '海龜救援編號',
  `UPLOAD_DATE` datetime NOT NULL DEFAULT CURRENT_TIMESTAMP COMMENT '上傳時間',
  `TURTLE_NAME` varchar(50) NOT NULL COMMENT '海龜姓名',
  `SPECIES` varchar(10) NOT NULL COMMENT '品種',
  `LOCATION` varchar(20) NOT NULL COMMENT '發現地點',
  `STORY_CONTENT` varchar(200) NOT NULL COMMENT '受傷原因與故事文案',
  `RECOVERY_STATUS` varchar(10) NOT NULL COMMENT '目前救治階段',
  `IMAGE_PATH` varchar(255) NOT NULL COMMENT '照片路徑'
) ENGINE=InnoDB DEFAULT CHARSET=utf8mb4 COMMENT='海龜救援';


--
-- 已傾印資料表的索引
--
ALTER TABLE `RESCUES`
  ADD PRIMARY KEY (`RESCUE_ID`);

--
-- 傾印資料表的資料 `RESCUES`
-- 更新說明：RECOVERY_STATUS 已從數字改為對應的中文狀態
--

INSERT INTO `RESCUES` (`RESCUE_ID`, `UPLOAD_DATE`, `TURTLE_NAME`, `SPECIES`, `LOCATION`, `STORY_CONTENT`, `RECOVERY_STATUS`, `IMAGE_PATH`) VALUES
(1, NOW(), '波波', '綠蠵龜', '小琉球美人洞', '波波被發現時漂浮在海面上無法下潛，經X光檢查發現腸道內充滿大量塑膠垃圾，導致氣體堆積。目前正在進行排便治療與點滴輸液，精神狀況稍有起色，但仍需密切觀察排便狀況。志工們每天都期待能看到牠順利排出更多塑膠。', '醫療照護', 'savedcases/bobo.png'),
(2, NOW(), '琥珀', '玳瑁', '台東三仙台沿岸', '民眾通報發現琥珀擱淺在礁岩區，背甲有明顯的船槳螺旋槳切割傷，傷口深可見骨。剛送抵中心，獸醫團隊正在進行傷口清創與細菌採樣，並評估是否需要進行緊急縫合手術。這兩週將是觀察感染是否擴散的關鍵危險期。', '入院檢查', 'savedcases/amber.png'),
(3, NOW(), '抹茶', '綠蠵龜', '墾丁白沙灣', '抹茶因誤食魚鉤導致食道受傷，經過內視鏡手術成功取出魚鉤後，食道傷口癒合良好。目前已開始嘗試主動攝食，食慾不錯，喜歡吃新鮮的海藻，體重正在穩定回升中。偶爾牠還會追著水槽裡的蔬菜到處跑呢。', '休養觀察', 'savedcases/matcha.png'),
(4, NOW(), '海海', '綠蠵龜', '澎湖望安沙灘', '海海是去年底被廢棄漁網纏繞的前肢截肢個體。經過半年的復健，牠已經完全適應了三肢游泳的生活，泳速與潛水能力都達到野放標準。獸醫評估健康無虞，預計下週裝上衛星發報器後野放。大家雖有不捨，但也祝福牠能在大海自在遨遊。', '準備野放', 'savedcases/haihai.png'),
(5, NOW(), '點點', '玳瑁', '宜蘭外澳沙灘', '點點被發現時體型消瘦，且背甲上附著大量藤壺，顯示已長期活動力低下。血液檢查顯示有嚴重貧血與脫水現象，目前安置在加護水槽中，每日給予高營養針劑治療。今天早上牠終於有力氣稍微抬起頭換氣了。', '醫療照護', 'savedcases/dot.png'),
(6, NOW(), '勇士', '綠蠵龜', '新北貢寮', '勇士曾經因肺炎導致無法潛水，經過三個月的抗生素治療與隔離照護，肺部陰影完全消失。於昨日在志工與獸醫的見證下，在發現地順利重返大海，瞬間消失在浪花中。看著那堅定的背影，所有努力都值得了。', '重返大海', 'savedcases/warrior.png'),
(7, NOW(), '可可', '玳瑁', '蘭嶼朗島', '可可是一隻體型嬌小的幼龜，被發現時卡在消波塊縫隙中。外觀無明顯外傷，但有輕微營養不良。經過兩週的調養，現在精神奕奕，看到照顧員會激動地拍水討食。活潑可愛的模樣，成為了中心裡的開心果。', '休養觀察', 'savedcases/coco.png'),
(8, NOW(), '阿草', '綠蠵龜', '苗栗後龍海灘', '阿草在退潮時被困在淺灘，無法自行回到海中。初步外觀檢查發現右後肢有腫脹情形，懷疑是舊傷感染或骨折。目前暫時安置在觀察池，等待詳細的血液報告與影像檢查結果。牠靜靜趴在池底，似乎知道我們正在幫牠。', '入院檢查', 'savedcases/grass.png'),
(9, NOW(), '大丸子', '綠蠵龜', '屏東後壁湖', '大丸子誤入定置網，雖被漁民即時救起，但因長時間無法浮出水面換氣而有輕微嗆水現象，導致肺部感染。目前正在接受霧化治療，呼吸雜音已逐漸減少。每次做完治療後，牠都會舒服地瞇起眼睛休息。', '醫療照護', 'savedcases/ball.png'),
(10, NOW(), '金金', '玳瑁', '花蓮七星潭', '金金因背甲疑似遭受撞擊而有裂痕，所幸未傷及內臟。經過修補手術後，背甲裂縫已用醫療級樹脂固定。目前傷口乾燥無感染，正在淺水池中練習負重游泳，以防背甲癒合不正。雖然游得還不快，但牠非常努力練習平衡。', '休養觀察', 'savedcases/gold.png');

-- ==========================================
--  志工活動模組 (Volunteer Activities Module)
--  包含：種類、活動主表、收藏、留言、留言按讚、留言檢舉
-- ==========================================

-- 為了避免匯入時因順序問題報錯，先暫時忽略外來鍵檢查
SET FOREIGN_KEY_CHECKS = 0;

-- ========================================================
--  志工活動模組 (修正版)
-- ========================================================

-- --------------------------------------------------------
-- 1. 活動種類 (ACTIVITY_CATEGORIES)
-- --------------------------------------------------------
CREATE TABLE IF NOT EXISTS `ACTIVITY_CATEGORIES` (
  `CATEGORY_ID` int(11) NOT NULL AUTO_INCREMENT COMMENT '活動種類編號 (PK)',
  `CATEGORY_VALUE` varchar(50) NOT NULL COMMENT '活動種類名稱',
  PRIMARY KEY (`CATEGORY_ID`)
) ENGINE=InnoDB DEFAULT CHARSET=utf8mb4;

-- --------------------------------------------------------
-- 2. 志工活動主表 (ACTIVITIES)
-- --------------------------------------------------------
CREATE TABLE `ACTIVITIES` (
  `ACTIVITY_ID` int(11) NOT NULL AUTO_INCREMENT COMMENT '活動編號',
  `ACTIVITY_TITLE` varchar(255) NOT NULL COMMENT '活動標題',
  `ACTIVITY_CATEGORY_ID` int(11) NOT NULL COMMENT '類別:1淨灘,2巡守,3照護',
  `ACTIVITY_DESCRIPTION` text NOT NULL COMMENT '活動簡介',
  `ACTIVITY_NOTES` text DEFAULT NULL COMMENT '注意事項',
  `ACTIVITY_LOCATION` varchar(255) NOT NULL COMMENT '活動地點',
  `ACTIVITY_LOCATION_AREA` varchar(50) NOT NULL COMMENT '區域(北/中/南/東/離島)',
  `ACTIVITY_COVER_IMAGE` varchar(255) DEFAULT NULL COMMENT '封面圖片路徑',
  `ACTIVITY_START_DATETIME` datetime NOT NULL COMMENT '活動開始時間',
  `ACTIVITY_END_DATETIME` datetime NOT NULL COMMENT '活動結束時間',
  `ACTIVITY_MAX_PEOPLE` int(11) NOT NULL DEFAULT 0 COMMENT '人數上限',
  `ACTIVITY_SIGNUP_PEOPLE` int(11) NOT NULL DEFAULT 0 COMMENT '已報名人數',
  `ACTIVITY_SIGNUP_END_DATETIME` datetime NOT NULL COMMENT '報名結束時間',
  `ACTIVITY_STATUS` varchar(20) NOT NULL DEFAULT '1' COMMENT '狀態',
  `ADMIN_ID` int(11) NOT NULL COMMENT '管理者ID',
  `ACTIVITY_CREATED_AT` datetime DEFAULT CURRENT_TIMESTAMP COMMENT '建立時間',
  PRIMARY KEY (`ACTIVITY_ID`)
) ENGINE=InnoDB DEFAULT CHARSET=utf8mb4 COLLATE=utf8mb4_unicode_ci;
-- --------------------------------------------------------
-- 3. 活動報名資料表 (ACTIVITY_SIGNUPS)
-- --------------------------------------------------------

CREATE TABLE `ACTIVITY_SIGNUPS` (
  `ACTIVITY_SIGNUP_ID` int(11) NOT NULL AUTO_INCREMENT COMMENT '報名編號',
  `USER_ID` int(11) NOT NULL COMMENT '會員編號',
  `ACTIVITY_ID` int(11) NOT NULL COMMENT '活動編號',
  `ATTENDED` tinyint(1) NOT NULL DEFAULT 0 COMMENT '是否出席 (1:是, 0:否)',
  `ACTIVITY_SVC_HOURS` int(11) NOT NULL DEFAULT 0 COMMENT '核發時數',
  `REAL_NAME` varchar(100) NOT NULL COMMENT '真實姓名',
  `ID_NUMBER` varchar(20) NOT NULL COMMENT '身分證字號',
  `PHONE` varchar(20) NOT NULL COMMENT '聯絡電話',
  `EMAIL` varchar(255) NOT NULL COMMENT '電子郵件',
  `BIRTHDAY` date NOT NULL COMMENT '出生年月日',
  `EMERGENCY` varchar(100) NOT NULL COMMENT '緊急聯絡人',
  `EMERGENCY_TEL` varchar(20) NOT NULL COMMENT '緊急聯絡電話',
  `CANCEL` tinyint(1) NOT NULL DEFAULT 0 COMMENT '是否取消 (1:是, 0:否)',
  `CREATED_AT` datetime DEFAULT CURRENT_TIMESTAMP COMMENT '報名時間',
  PRIMARY KEY (`ACTIVITY_SIGNUP_ID`),
  KEY `idx_user_id` (`USER_ID`),
  KEY `idx_activity_id` (`ACTIVITY_ID`)
) ENGINE=InnoDB DEFAULT CHARSET=utf8mb4 COLLATE=utf8mb4_unicode_ci COMMENT='活動報名資料表';
-- --------------------------------------------------------
-- 4. 活動收藏 (FAVORITES)
-- --------------------------------------------------------
CREATE TABLE IF NOT EXISTS `FAVORITES` (
    `MEMBER_ID` INT NOT NULL COMMENT '會員ID',
    `ACTIVITY_ID` INT NOT NULL COMMENT '活動ID',
    `CREATED_AT` DATETIME DEFAULT CURRENT_TIMESTAMP,
    PRIMARY KEY (`MEMBER_ID`, `ACTIVITY_ID`),
    FOREIGN KEY (`ACTIVITY_ID`) REFERENCES `ACTIVITIES`(`ACTIVITY_ID`) ON DELETE CASCADE
) ENGINE=InnoDB DEFAULT CHARSET=utf8mb4;

-- --------------------------------------------------------
-- 5. 活動心得資料表 (ACTIVITY_REVIEWS)
-- --------------------------------------------------------
CREATE TABLE `ACTIVITY_REVIEWS` (
  `REVIEW_ID` int(11) NOT NULL AUTO_INCREMENT COMMENT '心得編號',
  `USER_ID` int(11) NOT NULL COMMENT '會員編號',
  `ACTIVITY_ID` int(11) NOT NULL COMMENT '活動編號',
  `RATING` int(1) NOT NULL DEFAULT 5 COMMENT '評分 (1-5)',
  `CONTENT` text NOT NULL COMMENT '心得內容',
  `IS_VISIBLE` tinyint(1) NOT NULL DEFAULT 1 COMMENT '是否顯示 (1:顯示, 0:隱藏)',
  `LIKE_COUNT` int(11) NOT NULL DEFAULT 0 COMMENT '按讚數',
  `CREATED_AT` datetime DEFAULT CURRENT_TIMESTAMP COMMENT '留言時間',
  PRIMARY KEY (`REVIEW_ID`),
  KEY `idx_activity_id` (`ACTIVITY_ID`),
  KEY `idx_user_id` (`USER_ID`)
) ENGINE=InnoDB DEFAULT CHARSET=utf8mb4 COLLATE=utf8mb4_unicode_ci COMMENT='活動心得留言表';

-- --------------------------------------------------------
-- 6. 留言按讚紀錄 (ACTIVITY_REVIEWS_LIKES)
-- --------------------------------------------------------
CREATE TABLE IF NOT EXISTS `ACTIVITY_REVIEWS_LIKES` (
    `REVIEW_ID` INT NOT NULL,
    `USER_ID` INT NOT NULL,
    `CREATED_AT` DATETIME DEFAULT CURRENT_TIMESTAMP,
    PRIMARY KEY (`REVIEW_ID`, `USER_ID`),
    FOREIGN KEY (`REVIEW_ID`) REFERENCES `REVIEWS`(`REVIEW_ID`) ON DELETE CASCADE
) ENGINE=InnoDB DEFAULT CHARSET=utf8mb4;

-- --------------------------------------------------------
-- 7. 留言檢舉 (ACTIVITY_REVIEWS_REPORTS)
-- --------------------------------------------------------
CREATE TABLE IF NOT EXISTS `ACTIVITY_REVIEW_REPORTS` (
    `REPORT_ID` INT NOT NULL AUTO_INCREMENT,
    `REVIEW_ID` INT NOT NULL,
    `USER_ID` INT NOT NULL COMMENT '檢舉人ID',
    `REASON` VARCHAR(255) NOT NULL COMMENT '檢舉原因',
    `REPORT_STATUS` VARCHAR(10) NOT NULL COMMENT '處理狀態',
    `CREATED_AT` DATETIME DEFAULT CURRENT_TIMESTAMP,
    PRIMARY KEY (`REPORT_ID`),
    FOREIGN KEY (`REVIEW_ID`) REFERENCES `REVIEWS`(`REVIEW_ID`) ON DELETE CASCADE
) ENGINE=InnoDB DEFAULT CHARSET=utf8mb4;

-- --------------------------------------------------------
-- 8. 成果定義表 (RESULT_METRICS)
-- --------------------------------------------------------
CREATE TABLE `RESULT_METRICS` (
  `METRIC_ID` int(11) NOT NULL AUTO_INCREMENT COMMENT '成果定義編號',
  `METRIC_NAME` varchar(100) NOT NULL COMMENT '成果名稱 (如：垃圾總重量)',
  `METRIC_UNIT` varchar(50) DEFAULT NULL COMMENT '單位 (如：kg, 隻, 窩)',
  `ACTIVITY_CATEGORY_ID` int(11) NOT NULL COMMENT '適用活動類別 (1:淨灘, 2:巡守, 3:照護)',
  `CREATED_AT` datetime DEFAULT CURRENT_TIMESTAMP COMMENT '建立時間',
  PRIMARY KEY (`METRIC_ID`)
) ENGINE=InnoDB DEFAULT CHARSET=utf8mb4 COLLATE=utf8mb4_unicode_ci COMMENT='成果指標定義表';
-- --------------------------------------------------------
-- 9. 活動成果資料表 (ACTIVITY_RESULTS)
-- --------------------------------------------------------

CREATE TABLE `ACTIVITY_RESULTS` (
  `RESULT_ID` int(11) NOT NULL AUTO_INCREMENT COMMENT '成果編號',
  `ACTIVITY_ID` int(11) NOT NULL COMMENT '活動編號',
  `METRIC_ID` int(11) NOT NULL COMMENT '成果定義編號 (1-4:淨灘, 5-8:巡守, 9-12:照護)',
  `VALUE` varchar(255) NOT NULL COMMENT '成果數值 (重量/數量/品種等)',
  `CREATED_AT` datetime DEFAULT CURRENT_TIMESTAMP COMMENT '建立時間',
  PRIMARY KEY (`RESULT_ID`),
  KEY `idx_activity_id` (`ACTIVITY_ID`)
) ENGINE=InnoDB DEFAULT CHARSET=utf8mb4 COLLATE=utf8mb4_unicode_ci COMMENT='活動成果數據表';
-- --------------------------------------------------------
-- 10. 活動成果照片表 (ACTIVITY_PHOTOS)
-- --------------------------------------------------------
CREATE TABLE `ACTIVITY_PHOTOS` (
  `PHOTO_ID` int(11) NOT NULL AUTO_INCREMENT COMMENT '照片編號',
  `ACTIVITY_ID` int(11) NOT NULL COMMENT '活動編號',
  `PHOTO_URL` varchar(255) NOT NULL COMMENT '照片路徑 (檔名)',
  `DESCRIPTION` varchar(255) DEFAULT NULL COMMENT '照片描述 (可選)',
  `IS_COVER` tinyint(1) NOT NULL DEFAULT 0 COMMENT '是否為封面圖 (1:是, 0:否)',
  `CREATED_AT` datetime DEFAULT CURRENT_TIMESTAMP COMMENT '上傳時間',
  PRIMARY KEY (`PHOTO_ID`),
  KEY `idx_activity_id` (`ACTIVITY_ID`)
) ENGINE=InnoDB DEFAULT CHARSET=utf8mb4 COLLATE=utf8mb4_unicode_ci COMMENT='活動成果照片表';
-- ==========================================
--  寫入預設測試資料 (Seeding)
-- ==========================================

-- 1. 活動種類
INSERT INTO `ACTIVITY_CATEGORIES` (`CATEGORY_ID`, `CATEGORY_VALUE`) VALUES
(1, '淨灘'),
(2, '照護'),
(3, '巡守');

-- 2. 活動主表
INSERT INTO `ACTIVITIES` (`ACTIVITY_ID`, `ACTIVITY_TITLE`, `ACTIVITY_CATEGORY_ID`, `ACTIVITY_DESCRIPTION`, `ACTIVITY_NOTES`, `ACTIVITY_LOCATION`, `ACTIVITY_LOCATION_AREA`, `ACTIVITY_COVER_IMAGE`, `ACTIVITY_START_DATETIME`, `ACTIVITY_END_DATETIME`, `ACTIVITY_MAX_PEOPLE`, `ACTIVITY_SIGNUP_PEOPLE`, `ACTIVITY_SIGNUP_END_DATETIME`, `ACTIVITY_STATUS`, `ADMIN_ID`, `ACTIVITY_CREATED_AT`) VALUES
(1, '2024 基隆海科館一日海龜照護員體驗', 3, '您想知道受傷海龜在收容中心是如何度過每一天的嗎？本次活動將帶領志工深入基隆海科館的後場，體驗一日照護員的工作。內容包含：協助準備海龜的海鮮大餐（切魚、去殼）、刷洗海龜背甲上的藻類、以及協助獸醫進行例行性的體重測量與傷口換藥。這是一份體力活，也需要極大的耐心，但當看到海龜大口進食的模樣，所有的疲憊都會煙消雲散。透過近距離接觸，您將深刻理解海洋廢棄物對海龜造成的具體傷害。', '1. 本活動需進入後場管制區，請務必攜帶身分證件換證。\n2. 照護工作包含接觸生鮮餌料（魚蝦），若對海鮮嚴重過敏者請勿報名。\n3. 請穿著防水防滑的膠鞋（雨鞋最佳），並自備一套換洗衣物，工作過程中容易弄濕衣褲。\n4. 活動期間嚴禁使用閃光燈拍照，以免驚嚇海龜。\n5. 中午提供員工餐廳餐券。', '基隆市中正區國立海洋科技博物館', '北部', 'care_01.png', '2024-03-10 09:00:00', '2024-03-10 16:00:00', 15, 15, '2024-03-05 23:59:59', '1', 101, '2024-01-15 10:00:00'),
(2, '2024 桃園 Xpark 海洋生物救援講座', 3, '當我們在海邊發現擱淺的海龜或鯨豚時，第一時間該如何處理？正確的急救步驟可能決定牠們的生死。本次講座與 Xpark 水族館合作，邀請專業獸醫講授海洋生物救援的三要四不原則。課程包含模擬道具操作，讓大家練習保濕、扶正與搬運的正確姿勢。這是一堂含金量極高的實務課程，適合所有熱愛海洋、經常前往海邊活動的朋友。結訓後將頒發「海洋救援種子志工」證書，讓您成為守護海洋的第一線力量。', '1. 本活動為室內講座結合部分實作，請穿著輕便好活動的服裝（褲裝為佳）。\n2. 模擬搬運操作需需兩人一組，請聽從講師指導用力，避免腰部受傷。\n3. 現場禁止錄影，但可拍照記錄投影片重點。\n4. 活動場地位於 Xpark 會議室，不包含水族館參觀門票，若需參觀請自行購票。\n5. 請自備筆記本與環保杯。', '桃園市中壢區置地廣場', '北部', 'care_02.png', '2024-04-14 14:00:00', '2024-04-14 17:00:00', 50, 48, '2024-04-10 23:59:59', '1', 102, '2024-02-20 11:30:00'),
(3, '2024 新北石門老梅綠石槽淨灘', 1, '春季是老梅綠石槽最美的季節，但也容易堆積海漂垃圾。本次活動旨在清除覆蓋在礁岩上的廢棄漁網與塑膠袋，避免影響藻類生長及海龜覓食。除了撿拾垃圾，我們還會進行簡單的生態解說，讓參與者了解綠石槽生態系的脆弱與重要性。活動結束後將進行垃圾分類與秤重，數據將回報給國際淨灘組織 ICC。希望能透過實際行動，喚起大眾對海洋環境的重視，讓這片美麗的海岸線能永續長存。', '1. 本次淨灘地點位於礁岩地形，行走較為困難，請務必穿著包覆性良好的防滑鞋或膠鞋，切勿穿著拖鞋或涼鞋。\n2. 建議穿著長褲以防被礁石割傷，並做好物理防曬。\n3. 活動當天請自備環保水瓶（現場提供大桶水補充），避免使用對海洋有害的防曬乳。\n4. 因活動區域緊鄰潮間帶，請嚴格遵守領隊指示，切勿單獨脫隊行動。', '新北市石門區老梅沙灘', '北部', 'beach_01.png', '2024-04-15 09:00:00', '2024-04-15 12:00:00', 50, 48, '2024-04-10 23:59:59', '1', 101, '2024-02-15 10:00:00'),
(4, '2024 宜蘭壯圍海廢浮球彩繪工作坊', 3, '海洋廢棄物也能變身藝術品！我們收集了大量來自海邊的廢棄漁業浮球，經過清洗與曝曬後，邀請大家發揮創意，將它們彩繪成可愛的海龜、鯨魚或貓頭鷹。這不僅是廢物利用，更是一種環境教育的轉化。透過彩繪過程，講師將分享浮球背後的海洋汙染故事。完成的作品將義賣捐助給海龜救傷中心，或者您可以選擇帶回家作為最有意義的裝飾品。適合親子家庭一同參與，用色彩療癒受傷的海洋。', '1. 顏料為壓克力顏料，沾染衣物不易清洗，請穿著不怕髒的舊衣物或自備圍裙。\n2. 現場提供畫筆與調色盤，若有慣用的畫具也可自行攜帶。\n3. 廢棄浮球表面可能不平整，這是歲月的痕跡，請小心創作以免刮手。\n4. 12 歲以下兒童需由家長陪同協助。\n5. 請自備裝作品的提袋。', '宜蘭縣壯圍鄉漂流木藝術教室', '東部', 'care_03.png', '2024-05-05 13:30:00', '2024-05-05 16:30:00', 30, 30, '2024-04-30 23:59:59', '1', 103, '2024-03-10 09:00:00'),
(5, '2024 小琉球蛤板灣海龜產卵夜間巡護', 2, '每年 5 月至 10 月是綠蠵龜的產卵季，小琉球作為台灣最重要的產卵棲地，夜間的巡護工作至關重要。本次活動將由資深研究員帶領，在蛤板灣沙灘進行夜間巡邏。主要任務包括：搜尋母龜上岸產卵的爬痕、標記產卵位置、以及驅離可能騷擾海龜的流浪動物或遊客。巡護過程中，我們將嚴格遵守「不打擾、不觸摸、不開燈」的原則。這是一項需要高度耐心與體力的工作，我們在黑暗中屏息以待，只為守護新生命的誕生。', '1. 夜間巡護需長時間在沙灘行走，請穿著舒適且包覆性良好的防滑鞋或涼鞋，切勿赤腳以免踩到尖銳物。\n2. 嚴禁使用一般白光手電筒或閃光燈拍照，這會嚴重驚嚇海龜，主辦單位將提供符合波長規範的紅光手電筒。\n3. 請穿著深色、不反光的長袖衣物，並保持絕對肅靜，手機請轉為靜音。\n4. 若遇見海龜上岸，請聽從領隊指揮蹲下不動，切勿隨意移動。', '屏東縣琉球鄉蛤板灣', '離島', 'patrol_01.png', '2024-05-15 20:00:00', '2024-05-16 02:00:00', 10, 10, '2024-05-10 23:59:59', '0', 101, '2024-03-20 10:00:00'),
(6, '2024 桃園觀音藻礁守護行動', 1, '桃園觀音擁有珍貴的藻礁生態，是海洋生物的育嬰房。然而，季風常帶來大量海廢覆蓋藻礁，導致生物窒息。本次活動重點在於清理卡在藻礁縫隙中的小型塑膠碎片與保麗龍。這是一項需要耐心與細心的工作，我們將提供特殊的夾具與清理工具。透過這次淨灘，我們希望參與者能親眼見證藻礁的壯麗與哀愁，並承諾在日常生活中減少塑膠使用。守護藻礁不僅是保護生態，更是為了下一代保留這片世界級的自然地景。', '1. 藻礁地形凹凸不平且溼滑，嚴禁在藻礁上奔跑或跳躍，並禁止採集任何生物或石頭。\n2. 請務必穿著防滑鞋，並建議配戴手套以防被藤壺割傷。\n3. 由於海邊風勢較大，請準備防風外套與帽子（需有帽帶）。\n4. 活動現場不提供一次性餐具，午餐請自備或由主辦單位代訂便當（需自備餐盒）。', '桃園市觀音區大潭藻礁', '北部', 'beach_02.png', '2024-05-20 14:00:00', '2024-05-20 17:00:00', 40, 40, '2024-05-15 23:59:59', '1', 102, '2024-03-20 11:00:00'),
(7, '2024 世界海洋日：基隆潮境公園淨海', 1, '響應世界海洋日，我們將在基隆潮境公園舉辦大規模淨灘活動。此處是北部重要的潛水與觀光景點，但海底與岸邊常有遊客遺留的垃圾。本次活動分為岸際淨灘與水下淨海（需有潛水證照）兩組。岸際組負責清理潮間帶垃圾，水下組則負責清理沉底垃圾。我們希望透過陸海空夾擊的方式，徹底清除這片海域的負擔，還給魚群與海龜一個乾淨的家。現場將設有海廢藝術展覽，展示海廢變身藝術品的無限可能。', '1. 岸際組請穿著輕便服裝與運動鞋；水下組需自備全套潛水裝備，並於報名時上傳潛水證照（Open Water 以上）。\n2. 當天日照強烈，請務必做好物理防曬（帽子、袖套），避免塗抹防曬乳以免汙染海洋。\n3. 若當天1海上颱風警報，水下組活動將取消，岸際組視風雨狀況決定。\n4. 活動結束後將提供簡單茶點，請自備環保杯。', '基隆市中正區潮境公園', '北部', 'beach_03.png', '2024-06-08 08:00:00', '2024-06-08 13:00:00', 100, 95, '2024-06-01 23:59:59', '2', 101, '2024-04-10 09:30:00'),
(8, '2024 蘭嶼八代灣飛魚季海岸夜巡', 2, '在蘭嶼神聖的飛魚季期間，海岸邊充滿了禁忌與敬畏。夜間巡守的目的除了防止盜採砂石與違法捕撈，更是為了維護傳統文化的尊嚴。我們將與部落巡守隊合作，在八代灣沿岸進行巡邏。除了監測海岸環境，我們也會觀察夜間出沒的椰子蟹與角眼沙蟹。這是一場結合生態保育與文化傳承的深度巡禮，參與者必須先接受部落長老的行前教育，了解達悟族的海洋觀與夜間禁忌。在星空下守護這片海洋，感受人與自然和諧共存的智慧。', '1. 請尊重部落文化與禁忌，女性參與者請勿觸碰拼板舟，且特定區域禁止進入，請務必遵從部落嚮導的指示。\n2. 夜間海岸視線不佳，請跟緊隊伍，切勿單獨行動。\n3. 蘭嶼多礁岩地形，請穿著膠鞋以保護雙腳。請自備環保水壺，活動期間禁止飲食（除飲水外）。\n4. 請勿大聲喧嘩以免打擾部落居民休息。若遇天候不佳，將改為室內文化講座。', '台東縣蘭嶼鄉八代灣', '離島', 'patrol_02.png', '2024-06-10 19:00:00', '2024-06-10 23:00:00', 15, 15, '2024-06-05 23:59:59', '1', 102, '2024-04-15 14:00:00'),
(9, '2024 澎湖水試所稚龜暫養池清洗志工', 3, '澎湖水試所承接了許多受傷或虛弱的小海龜，牠們需要乾淨的環境才能順利康復。暫養池容易滋生青苔與細菌，需要定期的大掃除。本次活動徵求不怕髒、不怕濕的熱血志工，協助刷洗養殖池壁與更換海水。這是一項單純卻極其重要的勞力工作，乾淨的水質是海龜康復的基礎。工作結束後，研究員將帶領大家參觀海龜收容區，講解每一隻海龜的受傷故事與復原進度。讓我們用汗水換取海龜的健康。', '1. 養殖池地面濕滑，務必穿著防滑雨鞋，嚴禁赤腳或穿拖鞋。\n2. 刷洗池壁需使用長柄刷與高壓水槍，操作時請注意安全，避免噴濺到他人。\n3. 請自備換洗衣物與毛巾，現場備有淋浴間。\n4. 活動期間請勿將手伸入池中觸摸海龜，以免遭咬傷或感染。\n5. 澎湖夏日炎熱，戶外移動請注意防曬。', '澎湖縣馬公市水產試驗所', '離島', 'care_04.png', '2024-06-15 09:00:00', '2024-06-15 12:00:00', 10, 10, '2024-06-10 23:59:59', '1', 101, '2024-04-20 14:00:00'),
(10, '2024 澎湖望安綠蠵龜保護區夜間監測', 2, '望安島是台灣最早設立的綠蠵龜產卵棲地保護區。本次活動主要協助保育人員進行保護區周邊的夜間監測。我們不進入核心產卵區，而是在緩衝區進行巡邏，勸導遊客勿闖入管制區，並協助清除可能阻礙海龜爬行的漂流木。此外，我們也會記錄沙灘上的溫度與濕度數據，這些環境因子對海龜卵的孵化性別有決定性影響。這是一份寂寞但神聖的工作，在無人的沙灘上，我們是海龜媽媽最堅強的後盾，確保牠們能安心產卵。', '1. 望安綠蠵龜保護區實施嚴格管制，非工作人員與志工禁止進入沙灘。參與者需配戴志工證。\n2. 夜間海風強勁，請務必攜帶防風外套。\n3. 請自備紅光頭燈，若無紅光裝備請勿開燈，讓眼睛適應黑暗。\n4. 活動期間若發現受傷或擱淺海龜，請立即通報領隊，切勿自行處理。\n5. 住宿與交通需自理，集合地點為望安綠蠵龜觀光保育中心。', '澎湖縣望安鄉網垵口沙灘', '離島', 'patrol_03.png', '2024-07-05 20:00:00', '2024-07-06 01:00:00', 8, 8, '2024-06-30 23:59:59', '1', 103, '2024-05-10 09:30:00'),
(11, '2024 苗栗後龍好望角夕陽淨灘', 1, '在欣賞後龍好望角美麗夕陽的同時，我們也希望能為這片土地盡一份心力。後龍沿岸常有大量廢棄漁具堆積，對過往的海洋生物造成威脅。本次活動安排在下午時段，避開正午烈日，讓大家在涼爽的海風中進行淨灘。我們特別邀請當地耆老講述過去的漁村故事，讓參與者了解環境變遷對在地文化的影響。這是一場結合環境保育與人文歷史的深度體驗，適合全家大小一同參與，在勞動中學習愛護海洋。', '1. 夏季海邊蚊蟲較多，建議穿著長袖長褲或噴灑天然防蚊液。\n2. 沙灘上可能有尖銳物（如魚鉤、玻璃），請勿赤腳行走，並隨時注意腳下狀況。\n3. 清理廢棄漁網時請小心操作，若遇過重的大型漁具，請呼叫工作人員協助處理，切勿勉強搬運。\n4. 響應無痕山林，所有垃圾（包含個人垃圾）皆需帶離現場。', '苗栗縣後龍鎮好望角海灘', '中部', 'beach_04.png', '2024-07-15 15:00:00', '2024-07-15 18:00:00', 60, 55, '2024-07-10 23:59:59', '1', 103, '2024-05-15 14:20:00'),
(12, '2024 台中科博館鯨豚骨骼標本製作解說', 3, '每一具擱淺死亡的鯨豚或海龜，都是大自然留給我們的無聲教材。本次活動將在科博館標本製作室進行，由標本師解說如何將腐敗的屍體轉化為具科學價值的骨骼標本。志工將協助整理小型的骨骼碎片，並學習透過骨骼判斷海洋生物的死因（如撞擊、營養不良）。這是一場略帶嚴肅但充滿知識性的活動，讓我們直面死亡，進而思考如何讓牠們活得更好。適合生物相關科系學生或對解剖學有興趣的民眾。', '1. 標本室內可能有殘留的福馬林或油脂氣味，對氣味敏感者請戴口罩或斟酌參加。\n2. 請穿著實驗衣（現場提供）與包鞋。操作骨骼標本時請戴手套，動作輕柔，以免損壞脆弱結構。\n3. 標本製作涉及對逝去生命的尊重，請保持莊重態度，嚴禁嬉鬧。\n4. 禁止在標本室內飲食，活動結束後請確實洗手。', '台中市北區國立自然科學博物館', '中部', 'care_05.png', '2024-07-20 14:00:00', '2024-07-20 17:00:00', 20, 20, '2024-07-15 23:59:59', '1', 102, '2024-05-25 10:30:00'),
(13, '2024 屏東海生館海龜野放前健康檢查', 3, '經過漫長的收容與治療，海龜們終於要回家了！在野放前，獸醫需要對海龜進行最後的全身健康檢查。本次活動志工將擔任獸醫助手，協助固定海龜、記錄體長體重數據、並協助安裝衛星發報器。這是一個見證重生的時刻，您將親手觸摸海龜堅硬的背甲，感受牠強而有力的心跳。我們需要細心且聽從指揮的夥伴，確保檢查過程順利且安全，讓海龜帶著滿滿的祝福重返大海。', '1. 海龜力量極大，固定保定時需耗費體力，且需聽口令動作，以免夾傷手指或被海龜拍打。\n2. 請穿著長褲與包鞋。協助安裝發報器時，請配戴護目鏡（防膠水噴濺）。\n3. 活動過程中請保持安靜，降低海龜的緊迫感。\n4. 現場嚴禁錄影，以免干擾醫療作業。參與者需簽署保密協定。', '屏東縣車城鄉國立海洋生物博物館', '南部', 'care_06.png', '2024-08-12 13:00:00', '2024-08-12 17:00:00', 8, 8, '2024-08-05 23:59:59', '1', 103, '2024-06-15 15:00:00'),
(14, '2024 台東杉原灣陸蟹與海龜生態夜巡', 2, '杉原灣的夜晚生機勃勃，除了偶爾上岸的海龜，這裡也是陸蟹降海釋幼的重要通道。然而，過往車輛常造成嚴重的「路殺」事件。本次巡守重點在於台 11 線公路旁的護蟹行動，以及沙灘區域的生態巡視。我們將協助抱卵陸蟹安全過馬路，並巡視沙灘是否有違法設置的漁網。透過守護陸蟹與海龜的棲地，我們希望能喚起大眾對海岸生物多樣性的重視。這是一堂最真實的生命教育課，歡迎對夜間生態觀察有興趣的朋友加入。', '1. 台 11 線車速極快，夜間護蟹風險較高，請務必穿著主辦單位提供的反光背心，並使用指揮棒警示來車。\n2. 觀察陸蟹或海龜時，請保持低姿勢，避免過度驚擾。\n3. 請穿著長褲與包鞋，預防蚊蟲叮咬與草割傷。\n4. 若遇雨天，路殺風險更高，活動照常舉行，請自備雨衣（勿撐傘以免視線受阻）。', '台東縣卑南鄉杉原灣', '東部', 'patrol_04.png', '2024-08-15 19:30:00', '2024-08-15 22:30:00', 20, 18, '2024-08-10 23:59:59', '1', 101, '2024-06-20 11:20:00'),
(15, '2024 台中高美濕地外圍淨灘', 1, '高美濕地是國際級的生態保育區，但其外圍堤防常堆積隨著潮汐而來的垃圾。這些垃圾若不清除，很容易再次流入濕地，危害底棲生物與候鳥。本次活動範圍集中在遊客較少到達的北側堤防，這裡往往是垃圾的死角。我們將詳細分類記錄垃圾種類，探討垃圾來源，並與當地環保團體交流減塑經驗。這不僅是一次清理行動，更是一堂生動的環境教育課，讓我們一起守護這片美麗的夕陽濕地。', '1. 活動範圍嚴格限制在外圍堤防與沙灘區，絕對禁止進入木棧道以外的濕地核心區。\n2. 請穿著雨鞋或防水鞋，以免陷入泥濘。現場風勢強勁，帽子請務必固定好。\n3. 清理過程中若發現活體生物，請輕手放回原處，切勿帶走。\n4. 因周邊停車位有限，建議共乘或搭乘大眾運輸工具前往。', '台中市清水區高美濕地北側堤防', '中部', 'beach_05.png', '2024-08-20 09:00:00', '2024-08-20 12:00:00', 80, 72, '2024-08-15 23:59:59', '1', 102, '2024-06-10 10:45:00'),
(16, '2024 彰化王功漁港蚵架清理與淨灘', 1, '王功漁港以養蚵聞名，但廢棄的蚵架與保麗龍浮具常成為海岸環境的殺手。破碎的保麗龍容易被海洋生物誤食，造成嚴重後果。本次活動將專注於清理沙灘上的保麗龍碎片與廢棄蚵繩。這是一項繁瑣但極具意義的工作，需要大家彎下腰，一點一滴地將這些白色污染移除。活動當天也會安排在地蚵農示範如何妥善回收養殖資材，促進產業與環保的雙贏。讓我們一起努力，讓王功的海岸線重現原本的樸實風貌。', '1. 清理保麗龍碎屑容易產生粉塵，強烈建議配戴口罩與護目鏡，以免吸入或噴入眼睛。\n2. 廢棄蚵架可能含有生鏽鐵絲或銳利貝殼，請務必戴上厚棉手套（現場提供）。\n3. 由於王功潮差較大，請務必聽從領隊指揮，勿在漲潮時逗留於低窪處。\n4. 未滿 15 歲者需由家長陪同報名。請自備雨具以備不時之需。', '彰化縣芳苑鄉王功漁港', '中部', 'beach_06.png', '2024-09-14 08:30:00', '2024-09-14 11:30:00', 50, 50, '2024-09-10 23:59:59', '1', 101, '2024-07-05 16:00:00'),
(17, '2024 墾丁香蕉灣海岸林夜間巡護', 2, '香蕉灣擁有全台碩果僅存的海岸原始林，這裡不僅是陸蟹的家，也是海龜潛在的上岸點。夜間巡護將穿梭在海岸林與礁岩之間，清除盜獵者設置的陷阱，並監測海岸林生態。我們會特別留意寄居蟹的換殼狀況，若發現使用塑膠垃圾為殼的寄居蟹，將進行記錄並提供備用貝殼。此外，也會巡視沙灘上是否有遊客遺留的營火殘跡，以免餘溫燙傷生物。這是一場深入叢林與海洋交界的探險，需要具備良好的方向感與野外經驗。', '1. 海岸林內部地形複雜，且有帶刺植物（如林投），請務必穿著厚長褲、長袖與防滑鞋。\n2. 請自備手電筒（需有備用電池），行走時注意腳下，以免踩空跌入礁岩縫隙。\n3. 海岸林內可能有蛇類出沒，請隨身攜帶打草驚蛇的棍棒，並聽從解說員引導。\n4. 若發現盜獵行為，請保持冷靜蒐證，切勿正面衝突，應立即通報國家公園警察隊。', '屏東縣恆春鎮香蕉灣', '南部', 'patrol_05.png', '2024-09-20 19:00:00', '2024-09-20 22:00:00', 12, 12, '2024-09-15 23:59:59', '1', 102, '2024-07-25 15:00:00'),
(18, '2024 花蓮鹽寮海岸夜間寄居蟹換殼計畫', 2, '鹽寮海岸是花蓮重要的寄居蟹棲息地，但因貝殼被遊客撿走，許多寄居蟹被迫居住在塑膠瓶蓋中。本次夜間巡守的主軸是「還殼於蟹」。我們將帶著募集來的螺殼，在夜間尋找「無殼蝸牛」或背著垃圾的寄居蟹，將螺殼放置在牠們行經的路徑上，觀察牠們換殼的過程。同時，我們也會清除沙灘上的塑膠垃圾，減少寄居蟹誤用的機會。看著寄居蟹換上新家，是多麼令人感動的時刻，這是一場充滿愛與希望的夜間任務。', '1. 請輕聲細語，動作輕柔，寄居蟹受到驚嚇會縮回殼內不肯出來，請勿強行將寄居蟹抓出殼外。\n2. 放置螺殼時請保持距離觀察，給予牠們安全感。\n3. 請穿著長袖衣褲防蚊。夜間海浪聲大，請隨時注意潮水位置，勿離岸太近。\n4. 請勿撿拾沙灘上的任何貝殼帶回家。', '花蓮縣壽豐鄉鹽寮漁港', '東部', 'patrol_11.png', '2024-10-19 19:00:00', '2024-10-19 21:00:00', 25, 25, '2024-10-10 23:59:59', '1', 102, '2024-08-20 10:00:00'),
(19, '2026 屏東小琉球海龜保育桌遊推廣種子營', 3, '學習可以很好玩！我們開發了一套以海龜生態為主題的桌遊「龜途」。為了讓這套桌遊進入校園與家庭，我們需要培訓一批桌遊帶領人。課程將解析遊戲機制、試玩演練、以及引導反思的技巧。結訓後，您將獲得一套桌遊，並承諾在半年內舉辦至少兩場推廣活動。讓玩家在遊戲的競爭與合作中，體會海龜生存的艱難與保育的急迫性。這是一個磨練領導力、溝通力與責任感的機會。', '1. 本活動需全程參與，並簽署推廣承諾書。\n2. 桌遊邏輯需動腦，請帶著清晰的腦袋前來。試玩過程中請投入角色，並練習講解規則。\n3. 結訓後需繳交活動照片與心得報告，方可保留桌遊教具。若未完成任務，需歸還教具。\n4. 請自備筆記本。往返小琉球船票請自理。', '屏東縣琉球鄉立圖書館', '離島', 'care_21.png', '2026-02-07 09:30:00', '2026-02-07 16:30:00', 30, 15, '2026-01-31 23:59:59', '1', 103, '2026-01-02 10:00:00'),
(20, '2026 小琉球環島接力淨灘：第一站中澳沙灘', 1, '小琉球是海龜密度最高的島嶼，保護這裡的海洋環境刻不容緩。2026 年開春，我們發起環島接力淨灘活動，首站選在中澳沙灘。這裡也是海龜常出沒的區域，我們將清除沙灘上的微塑膠與廢棄漁線，避免海龜誤食或纏繞。活動邀請在地潛水教練分享海龜水下生態，並宣導正確的「賞龜守則」。這是一系列守護行動的開始，邀請熱愛小琉球的您，一起為海龜打造最舒適的家。後續場次也歡迎持續關注報名。', '1. 前往小琉球的船票與島上交通需自理，集合地點為中澳沙灘入口處。\n2. 清理過程中若遇見海龜探頭換氣，請保持安靜觀賞，切勿喧嘩或投擲物品。\n3. 垃圾需依小琉球垃圾清運規定進行嚴格分類。歡迎自備麻布袋或舊米袋裝垃圾，減少塑膠袋使用。\n4. 若遇海況不佳交通船停駛，活動將順延一週。', '屏東縣琉球鄉中澳沙灘', '離島', 'beach_21.png', '2026-02-28 14:00:00', '2026-02-28 17:00:00', 50, 15, '2026-02-20 23:59:59', '1', 101, '2026-01-01 10:00:00'),
(21, '2026 台北台大獸醫系海龜病理切片觀察營', 3, '為什麼海龜會生病？解剖顯微鏡下的世界能告訴我們答案。本次活動與台大獸醫系合作，開放高中生與大學生進入實驗室，觀察海龜組織病理切片。在教授帶領下，我們將看見寄生蟲、纖維瘤以及塑膠微粒對細胞造成的影響。這是一場進階的科學探究活動，旨在培養未來的海洋獸醫與研究人才。歡迎對生物醫學有濃厚興趣的同學報名。', '1. 本活動具備專業門檻，報名時需檢附相關科系學生證或自傳。\n2. 實驗室內嚴禁飲食與嬉戲。操作顯微鏡與玻片需極度小心，損壞需賠償。\n3. 觀察切片可能涉及病變組織，請自行評估心理承受度。\n4. 請穿著長褲與包鞋，長髮需盤起。全程禁止錄音錄影。', '台北市大安區台灣大學獸醫館', '北部', 'care_22.png', '2026-03-07 13:00:00', '2026-03-07 17:00:00', 12, 0, '2026-02-25 23:59:59', '1', 101, '2026-01-05 11:20:00'),
(22, '2026 宜蘭烏石港春浪淨灘祭', 1, '春天是衝浪的好季節，烏石港將迎來大量衝浪客。在享受浪花快感的同時，我們不希望垃圾成為海洋的負擔。本次活動與在地衝浪店合作，結合衝浪教學與淨灘活動。上午進行沙灘清理，下午則有專業教練指導衝浪體驗（需預約）。我們希望建立「愛海所以淨灘，淨灘才能衝浪」的觀念。無論您是衝浪高手還是旱鴨子，都歡迎加入我們的行列，用熱血與行動守護這片衝浪天堂。', '1. 參加衝浪體驗者需另行繳交費用並簽署免責聲明，詳情請見報名表單。\n2. 淨灘時請注意潮汐變化，勿離岸太遠。沙灘上可能有水母殘骸，請勿觸碰以免紅腫刺痛。\n3. 建議穿著長袖水母衣或防曬衣。活動當天請自備浴巾與換洗衣物。\n4. 若遇1海上颱風警報或浪高危險，將取消衝浪環節，僅進行岸上淨灘。', '宜蘭縣頭城鎮烏石港北堤', '東部', 'beach_22.png', '2026-03-22 09:00:00', '2026-03-22 16:00:00', 60, 0, '2026-03-15 23:59:59', '1', 102, '2026-01-05 11:30:00'),
(23, '2026 宜蘭龜山島鯨豚觀察員培訓', 3, '賞鯨船上除了船長，還需要專業的「鯨豚觀察員」負責搜尋鯨豚蹤跡並解說生態。本次培訓將在宜蘭烏石港進行，包含室內生態課程與海上實習。學員將學習辨識常見鯨豚種類、判斷海況、以及操作望遠鏡與相機。這不只是看鯨魚，更是協助蒐集公民科學數據。通過考核者，有機會成為賞鯨船的實習解說員，將海洋的感動傳遞給更多遊客。', '1. 培訓分為室內課與海上實習兩天，需全程參與。\n2. 海上實習需長時間在搖晃的船上使用望遠鏡，極易暈船，請務必評估體質。\n3. 請自備雙筒望遠鏡與相機（類單眼以上佳）。海上紫外線強烈，請做好防曬。\n4. 未滿 18 歲需家長同意書。若遇海況不佳，海上實習將延期。', '宜蘭縣頭城鎮烏石港遊客中心', '東部', 'care_23.png', '2026-04-11 09:00:00', '2026-04-12 16:00:00', 20, 0, '2026-03-31 23:59:59', '1', 102, '2026-01-10 14:30:00'),
(24, '2026 台北淡水沙崙海灘生態淨灘', 1, '沙崙海灘擁有豐富的沙丘生態與馬鞍藤聚落，但也是淡水河口垃圾的匯集地。本次活動將重點清除卡在植被中的垃圾，這需要極大的耐心與細心，以免傷害脆弱的沙丘植物。我們將邀請植物專家進行導覽，介紹濱海植物的功能與重要性。這是一場結合生態觀察與環境服務的知性之旅，適合親子共學。讓我們大手牽小手，一起還給沙崙海灘清淨的面貌，讓濱海植物能自在呼吸。', '1. 沙崙海灘部分區域為管制區或危險海域，請嚴格遵守領隊劃定的活動範圍，禁止下水游泳。\n2. 沙丘植物根系脆弱，請沿著既有路徑行走，切勿踐踏植被。清理植被間垃圾時請戴上手套，小心枯枝刺傷。\n3. 活動現場無廁所，請先於淡水捷運站或附近超商解決生理需求。\n4. 請自備挖沙工具（如小鏟子）協助清理半埋在沙中的垃圾。', '新北市淡水區沙崙海水浴場', '北部', 'beach_23.png', '2026-04-12 09:00:00', '2026-04-12 12:00:00', 80, 0, '2026-04-05 23:59:59', '1', 103, '2026-01-10 14:20:00'),
(25, '2026 小琉球全島海龜產卵季前巡護', 2, '2026 年海龜產卵季即將開始，我們需要在母龜上岸前，確保沙灘環境是安全友善的。本次活動將進行全島主要產卵沙灘的夜間總體檢。我們將移除沙灘上的大型漂流木、漁網與人造垃圾，並填平遊客挖的沙坑，避免母龜受困。同時，我們也會測試並記錄各沙灘的光害指數，作為後續改善路燈照明的依據。這是產卵季前的最後衝刺，您的參與將直接影響今年小海龜的孵化率。讓我們一起為海龜媽媽鋪平回家的路。', '1. 巡護範圍涵蓋多個沙灘，需騎乘機車移動，請自備機車或由主辦單位協助租賃（費用自理）。\n2. 搬運大型垃圾需量力而為，注意腰部安全。\n3. 光害測量需精確操作儀器，行前將有教學。\n4. 若遇大雨，活動將改期。歡迎具備影像紀錄能力的志工報名。', '屏東縣琉球鄉美人洞', '離島', 'patrol_21.png', '2026-04-18 20:00:00', '2026-04-19 01:00:00', 20, 5, '2026-04-10 23:59:59', '1', 101, '2026-01-20 10:00:00'),
(26, '2026 墾丁大灣沙灘夜間遊憩行為監測', 2, '大灣沙灘鄰近墾丁大街，夜間遊客眾多，光害與噪音嚴重干擾海洋生物。本次巡守將針對夜間遊憩行為進行監測與勸導。志工將分組巡視，勸導遊客勿施放煙火、勿使用強光手電筒照射海面，並宣導「無痕海洋」觀念。我們也會在沙灘邊緣設置臨時的光害遮蔽網，降低對海龜的影響。這是一場與商業活動抗衡的溫柔革命，透過面對面的溝通，我們希望能喚醒遊客對環境的尊重，讓墾丁的夜更有海洋的氣息。', '1. 面對遊客請保持微笑與禮貌，若遇酒醉或不理性的遊客，請優先保護自身安全並通報警方。\n2. 請穿著志工背心以便識別。沙灘上可能有碎玻璃，請勿赤腳。\n3. 設置遮蔽網需團隊合作，請聽從領隊指揮。請自備哨子與紀錄板。\n4. 若1颱風警報，活動取消。', '屏東縣恆春鎮墾丁大灣', '南部', 'patrol_22.png', '2026-05-02 19:30:00', '2026-05-02 22:30:00', 30, 0, '2026-04-25 23:59:59', '1', 102, '2026-02-01 11:30:00'),
(27, '2026 高雄海巡署海洋保育執法體驗營', 3, '海巡署不只抓走私，也是海洋保育的執法先鋒。本次活動將帶領民眾參觀海巡艦艇，了解海巡弟兄如何執行護漁任務、取締非法捕撈以及救援擱淺生物。志工將體驗穿著救生裝備、操作拋繩袋、並觀看特勤隊戰技操演。這是一次難得的機會，能深入了解公權力如何守護藍色國土。適合對海巡工作有興趣的青年學子參加。', '1. 登艦參觀需查驗身分證件，請務必攜帶。\n2. 艦艇甲板有門檻與樓梯，行走請小心。請穿著褲裝與防滑鞋。\n3. 特勤隊操演時請保持距離觀賞，嚴禁跨越管制線。請勿拍攝艦艇機敏設備與通訊器材。\n4. 若患有幽閉恐懼症者，進入艙內請斟酌。', '高雄市鼓山區海巡署南部分署', '南部', 'care_24.png', '2026-05-16 09:00:00', '2026-05-16 15:00:00', 40, 0, '2026-05-10 23:59:59', '1', 103, '2026-01-15 15:50:00'),
(28, '2026 花蓮石梯坪壺穴地景淨灘', 1, '石梯坪擁有世界級的壺穴地景，是花蓮著名的觀光勝地。然而，壺穴中常卡住遊客丟棄的飲料罐與菸蒂，不僅破壞景觀，更影響生態。本次活動需要志工們像尋寶一樣，仔細檢查每一個壺穴與岩石縫隙，將垃圾清理出來。這項工作需要爬上爬下，對體力有一定要求。活動結束後，我們將在潔淨的單面山欣賞太平洋無敵海景，並享用部落提供的特色點心。這是一次兼具地景欣賞與環境守護的獨特體驗。', '1. 石梯坪為岩岸地形，地勢崎嶇不平，嚴禁穿著拖鞋或高跟鞋，請務必穿著防滑運動鞋。\n2. 行動不便或有懼高症者請勿報名。靠近海崖邊緣時請特別小心，嚴禁嬉戲推擠。\n3. 清理壺穴垃圾時可使用長夾或手套，切勿將手伸入無法目視的深洞中。\n4. 若遇浪況不佳（如瘋狗浪警報），將禁止靠近海岸線，改為清理步道周邊。', '花蓮縣豐濱鄉石梯坪遊憩區', '東部', 'beach_24.png', '2026-05-17 14:00:00', '2026-05-17 17:00:00', 40, 0, '2026-05-10 23:59:59', '1', 101, '2026-01-15 09:50:00'),
(29, '2026 綠島柴口浮潛區夜間生態與垃圾巡查', 2, '柴口是綠島熱門的浮潛點，夜間潮間帶生態豐富。但遊客遺留的垃圾常在漲潮後流入海洋。本次活動將在退潮時段進行，巡查潮間帶生物狀況，並清理卡在礁岩縫隙中的垃圾。我們會特別關注是否有被釣線纏繞的生物，並進行即時解救。這是在星空與海浪聲中的神聖任務，讓我們用雙手撫平人類對海洋造成的傷痕，還給綠島海底生物一個安全的家。', '1. 柴口步道濕滑，請務必穿著防滑膠鞋。夜間潮間帶坑洞多，請留意腳步。\n2. 清理礁岩垃圾時請戴手套，小心海膽刺傷。\n3. 請自備頭燈（紅光模式佳）。活動中請勿採集任何生物。\n4. 活動包含保險，請確實填寫資料。集合地點為柴口浮潛區涼亭。請自備機車前往。', '台東縣綠島鄉柴口', '離島', 'patrol_23.png', '2026-05-30 20:00:00', '2026-05-30 23:00:00', 15, 0, '2026-05-25 23:59:59', '1', 103, '2026-02-15 14:00:00'),
(30, '2026 雲林箔子寮漁港夜間廢棄漁網通報', 2, '廢棄漁網是海洋生物的隱形殺手。雲林沿海多牡蠣養殖，夜間常有廢棄蚵架與漁網漂流上岸。本次巡守將沿著箔子寮海岸線，搜尋並標記大型廢棄漁具的位置。我們不直接進行清理（因重量過重），而是利用 GPS 定位與拍照，通報給相關單位進行後續機具移除。同時，我們也會巡視是否有受困於網中的海龜或水鳥。這是一項建立「海洋廢棄物地圖」的重要基礎工作，需要細心與耐心的您來參與。', '1. 沙灘上多廢棄竹竿與鐵絲，請穿著厚底鞋與長褲，以免穿刺受傷。\n2. 夜間視線不佳，請務必攜帶強力手電筒。標記漁網時請勿冒險涉水，僅需記錄岸上部分。\n3. 若發現受困活體動物，請評估安全性後再行解救，或通報 118。\n4. 請自備智慧型手機以利定位。', '雲林縣四湖鄉箔子寮漁港', '中部', 'patrol_24.png', '2026-06-13 19:00:00', '2026-06-13 22:00:00', 20, 0, '2026-06-10 23:59:59', '1', 101, '2026-03-01 09:10:00');
-- 3.活動報名資料表 (ACTIVITY_SIGNUPS)
INSERT INTO `ACTIVITY_SIGNUPS` (`ACTIVITY_SIGNUP_ID`, `USER_ID`, `ACTIVITY_ID`, `ATTENDED`, `ACTIVITY_SVC_HOURS`, `REAL_NAME`, `ID_NUMBER`, `PHONE`, `EMAIL`, `BIRTHDAY`, `EMERGENCY`, `EMERGENCY_TEL`, `CANCEL`, `CREATED_AT`) VALUES
(1, 201, 1, 1, 7, '陳建豪', 'A123456789', '0912-345-678', 'chen.jh@example.com', '1990-05-15', '陳爸爸', '0911-222-333', 0, '2024-02-12 10:30:00'),
(2, 202, 1, 1, 7, '林雅婷', 'F223456789', '0920-123-456', 'yating.lin@example.com', '1995-08-20', '林媽媽', '0922-333-444', 0, '2024-02-15 14:20:00'),
(3, 203, 1, 0, 0, '張志明', 'C123987654', '0933-555-666', 'cm.chang@example.com', '1988-11-02', '張太太', '0933-777-888', 1, '2024-02-18 09:15:00'),
(4, 204, 1, 1, 7, '王淑芬', 'N223123456', '0910-987-654', 'shufen.wang@example.com', '1992-03-10', '王大哥', '0910-111-222', 0, '2024-02-25 11:00:00'),
(5, 205, 1, 1, 7, '李柏翰', 'H123456123', '0955-666-777', 'bohan.lee@example.com', '1998-07-22', '李小姐', '0955-888-999', 0, '2024-03-01 16:45:00'),
(6, 206, 2, 1, 3, '郭曉雯', 'A229876543', '0911-222-333', 'wen.kuo@example.com', '1993-12-05', '郭爸爸', '0911-000-111', 0, '2024-03-16 10:00:00'),
(7, 207, 2, 1, 3, '吳志偉', 'B123456789', '0922-333-444', 'wei.wu@example.com', '1985-06-15', '吳太太', '0922-555-666', 0, '2024-03-20 14:30:00'),
(8, 208, 2, 0, 0, '蔡依林', 'F212345678', '0933-444-555', 'jolin.tsai@example.com', '1996-09-18', '蔡大姐', '0933-666-777', 0, '2024-03-25 09:20:00'),
(9, 209, 2, 1, 3, '劉冠廷', 'L123456789', '0988-777-666', 'kuanting.liu@example.com', '1991-02-28', '劉媽媽', '0988-555-444', 0, '2024-04-01 11:15:00'),
(10, 210, 2, 1, 3, '許瑋甯', 'A223456789', '0977-888-999', 'weining.hsu@example.com', '1994-08-07', '許先生', '0977-000-111', 0, '2024-04-05 15:40:00'),
(11, 211, 3, 1, 3, '陳浩南', 'E123456789', '0911-111-222', 'haonan.chen@example.com', '1989-01-15', '小結巴', '0911-333-444', 0, '2024-03-02 10:00:00'),
(12, 212, 3, 1, 3, '趙敏', 'A234567890', '0922-222-333', 'min.chao@example.com', '1995-05-20', '趙父', '0922-444-555', 0, '2024-03-10 14:00:00'),
(13, 213, 3, 1, 3, '張無忌', 'F134567890', '0933-333-444', 'wuji.chang@example.com', '1993-10-10', '謝遜', '0933-555-666', 0, '2024-03-20 09:30:00'),
(14, 214, 3, 0, 0, '周芷若', 'B234567890', '0944-444-555', 'chiruo.chou@example.com', '1994-11-11', '滅絕師太', '0944-666-777', 1, '2024-03-25 16:00:00'),
(15, 215, 3, 1, 3, '小昭', 'C234567890', '0955-555-666', 'hsiaochao@example.com', '1996-03-03', '黛綺絲', '0955-777-888', 0, '2024-04-05 11:20:00'),
(16, 216, 4, 1, 3, '黃蓉', 'G223456789', '0966-123-123', 'jung.huang@example.com', '1990-07-07', '郭靖', '0966-456-456', 0, '2024-04-02 10:00:00'),
(17, 217, 4, 1, 3, '楊過', 'H123456789', '0977-123-123', 'kuo.yang@example.com', '1992-05-05', '小龍女', '0977-456-456', 0, '2024-04-05 14:00:00'),
(18, 218, 4, 1, 3, '小龍女', 'M223456789', '0988-123-123', 'dragon.girl@example.com', '1988-08-08', '楊過', '0977-123-123', 0, '2024-04-05 14:05:00'),
(19, 219, 4, 0, 0, '郭芙', 'J223456789', '0999-123-123', 'fu.kuo@example.com', '1994-09-09', '黃蓉', '0966-123-123', 0, '2024-04-10 09:00:00'),
(20, 220, 4, 1, 3, '郭襄', 'K223456789', '0910-123-123', 'hsiang.kuo@example.com', '1998-10-10', '郭靖', '0966-456-456', 0, '2024-04-15 11:00:00'),
(21, 221, 5, 1, 6, '櫻木花道', 'A198765432', '0920-111-222', 'sakuragi@example.com', '1990-04-01', '赤木晴子', '0920-333-444', 0, '2024-04-05 10:00:00'),
(22, 222, 5, 1, 6, '流川楓', 'F198765432', '0921-111-222', 'rukawa@example.com', '1990-01-01', '流川父', '0921-333-444', 0, '2024-04-10 13:00:00'),
(23, 223, 5, 1, 6, '赤木剛憲', 'C198765432', '0922-111-222', 'akagi@example.com', '1989-05-10', '赤木母', '0922-333-444', 0, '2024-04-15 09:30:00'),
(24, 224, 5, 0, 0, '三井壽', 'D198765432', '0923-111-222', 'mitsui@example.com', '1989-05-22', '安西教練', '0923-333-444', 1, '2024-04-20 16:00:00'),
(25, 225, 5, 1, 6, '宮城良田', 'E198765432', '0924-111-222', 'miyagi@example.com', '1990-07-31', '彩子', '0924-333-444', 0, '2024-05-01 11:00:00'),
(26, 226, 6, 1, 3, '魯夫', 'M111222333', '0955-111-000', 'luffy@example.com', '1997-05-05', '爺爺卡普', '0955-222-000', 0, '2024-04-05 10:00:00'),
(27, 227, 6, 1, 3, '索隆', 'N111222333', '0955-333-000', 'zoro@example.com', '1995-11-11', '鷹眼', '0955-444-000', 0, '2024-04-10 14:00:00'),
(28, 228, 6, 1, 3, '娜美', 'P211222333', '0955-555-000', 'nami@example.com', '1997-07-03', '諾琪高', '0955-666-000', 0, '2024-04-15 09:30:00'),
(29, 229, 6, 0, 0, '騙人布', 'Q111222333', '0955-777-000', 'usopp@example.com', '1997-04-01', '可雅', '0955-888-000', 0, '2024-04-20 16:00:00');

-- 4. 收藏
INSERT INTO `FAVORITES` (`MEMBER_ID`, `ACTIVITY_ID`) VALUES (1, 1);
-- 5.活動心得資料表 (ACTIVITY_REVIEWS)
INSERT INTO `ACTIVITY_REVIEWS` (`REVIEW_ID`, `USER_ID`, `ACTIVITY_ID`, `RATING`, `CONTENT`, `IS_VISIBLE`, `LIKE_COUNT`, `CREATED_AT`) VALUES
(1, 201, 1, 5, '終於摸到海龜背甲了！原來刷背這麼費力，但看到海龜乾淨的樣子很有成就感。', 1, 12, '2024-03-11 10:30:00'),
(2, 205, 1, 5, '切魚切到手軟，照護員真的太偉大了。學到很多關於海龜救傷的知識。', 1, 8, '2024-03-11 14:20:00'),
(3, 210, 1, 4, '雖然全身弄得濕答答，且後場味道有點重，但這是很真實的體驗，推薦！', 1, 3, '2024-03-12 09:15:00'),
(4, 202, 2, 5, '模擬搬運很有趣，道具海龜也很逼真。講師講得很幽默，複雜的救援步驟變好記了。', 1, 20, '2024-04-15 11:00:00'),
(5, 215, 2, 5, '學到了正確的保濕觀念，原來以前都做錯了！拿到證書很有成就感。', 1, 15, '2024-04-15 16:45:00'),
(6, 220, 2, 3, '會議室冷氣有點強，記得帶外套。內容很實用，但希望實作時間再多一點。', 1, 2, '2024-04-16 10:20:00'),
(7, 203, 3, 5, '第一次看到這麼多漁網卡在石槽裡，清出來很有成就感！生態解說也很精彩。', 1, 25, '2024-04-16 09:00:00'),
(8, 208, 3, 4, '地形真的不好走，還好有穿防滑鞋，主辦單位提醒得很周到。', 1, 6, '2024-04-16 13:30:00'),
(9, 212, 3, 5, '雖然天氣很熱，但看到海岸變乾淨真的很感動。希望能喚起更多人重視。', 1, 18, '2024-04-17 10:10:00'),
(10, 225, 4, 5, '沒想到垃圾也能變成藝術品，很有創意！小朋友畫得很開心。', 1, 10, '2024-05-06 14:00:00'),
(11, 230, 4, 4, '浮球有點難畫，但老師教得很有耐心。顏料真的洗不掉，還好有穿舊衣服。', 1, 4, '2024-05-06 20:15:00'),
(12, 235, 4, 5, '把垃圾變黃金，超讚的概念。義賣捐款很有意義，希望能幫到海龜。', 1, 14, '2024-05-07 11:30:00'),
(13, 204, 5, 5, '真的看到母龜上岸產卵了！感動到想哭！一定要用紅光手電筒，大家都很遵守規定。', 1, 50, '2024-05-16 02:30:00'),
(14, 218, 5, 4, '雖然走得很累，蚊子也多，但看到海龜媽媽努力挖洞的樣子，充滿敬意。', 1, 9, '2024-05-16 10:00:00'),
(15, 240, 5, 5, '研究員解說非常專業。蛤板灣的星空超級美，海浪聲很療癒。', 1, 22, '2024-05-17 15:20:00'),
(16, 206, 6, 5, '藻礁真的很壯觀，希望能永遠保存下來。清理細小保麗龍真的好累，需要很大的耐心。', 1, 30, '2024-05-21 09:45:00'),
(17, 222, 6, 4, '風真的很大，帽子差點飛走。雖然腰很痠，但心靈很滿足。', 1, 7, '2024-05-21 13:10:00'),
(18, 238, 6, 5, '看到螃蟹在乾淨的藻礁上爬行，一切都值得了。學校社團一起來的，學到很多。', 1, 16, '2024-05-22 08:30:00'),
(19, 209, 7, 5, '我是參加水下組的，海底垃圾真的很多，潛水還能做公益很棒。', 1, 35, '2024-06-09 10:00:00'),
(20, 228, 7, 5, '岸邊的垃圾也撿不完，大家真的要減塑。活動很有組織，垃圾分類做得很徹底。', 1, 12, '2024-06-09 16:20:00'),
(21, 245, 7, 4, '人很多很熱鬧，但動線有點擠。天氣很好，流汗流得很爽。', 1, 5, '2024-06-10 09:00:00'),
(22, 211, 8, 5, '深刻感受到達悟族對海洋的敬畏。雖然沒看到海龜，但看到了很多椰子蟹！', 1, 19, '2024-06-11 08:45:00'),
(23, 226, 8, 4, '行前教育很嚴肅，但也學到很多。礁岩真的很刺，還好有穿膠鞋。', 1, 8, '2024-06-11 19:30:00'),
(24, 242, 8, 5, '晚上的拼板舟有一種神祕的美感。聽著海浪聲巡邏，心靈很平靜。', 1, 11, '2024-06-12 10:15:00'),
(25, 216, 9, 5, '小海龜超可愛！高壓水槍很好玩，池子變乾淨很有成就感。', 1, 28, '2024-06-16 11:00:00'),
(26, 232, 9, 4, '腰有點痠，年紀大的要斟酌。地板真的很滑要小心。', 1, 4, '2024-06-16 15:40:00'),
(27, 248, 9, 5, '看到海龜在乾淨的水裡游，覺得很值得。研究員講解很詳細。', 1, 13, '2024-06-17 09:20:00'),
(28, 213, 10, 5, '望安是海龜的故鄉，一定要好好守護。雖然沒看到海龜，但看到爬痕也很興奮。', 1, 21, '2024-07-06 10:00:00'),
(29, 229, 10, 4, '海風真的很大，吹得頭有點痛。半夜肚子很餓，記得帶點乾糧。', 1, 6, '2024-07-06 14:10:00');
-- 6. 留言按讚紀錄 (ACTIVITY_REVIEWS_LIKES)
INSERT INTO `ACTIVITY_REVIEWS_LIKES` (`REVIEW_ID`, `USER_ID`) VALUES (1, 3);

-- 7. 活動心得檢舉
INSERT INTO `ACTIVITY_REVIEW_REPORTS` (`REPORT_ID`, `REVIEW_ID`, `USER_ID`, `REASON`, `REPORT_STATUS`, `CREATED_AT`) VALUES
(1, 3, 301, 3, '待處理', '2024-04-17 09:00:00'),
(2, 19, 302, 1, '已駁回', '2024-06-09 14:30:00'),
(3, 29, 303, 4, '已處理', '2024-07-07 08:20:00'),
(4, 35, 304, 2, '待處理', '2024-07-22 10:15:00'),
(5, 44, 305, 3, '已駁回', '2024-08-22 11:00:00');

-- 8. 成果定義表 (RESULT_METRICS)
INSERT INTO `RESULT_METRICS` (`METRIC_ID`, `METRIC_NAME`, `METRIC_UNIT`, `ACTIVITY_CATEGORY_ID`) VALUES
(1, '垃圾總重量', 'kg', 1),
(2, '垃圾袋數', '袋', 1),
(3, '漁業廢棄物', '件', 1),
(4, '塑膠瓶/蓋', '個', 1),
(5, '發現痕跡數', '道', 2),
(6, '確認卵窩數', '窩', 2),
(7, '目擊母龜數', '隻', 2),
(8, '海龜品種', NULL, 2),
(9, '照護海龜數', '隻', 3),
(10, '備餐重量', 'kg', 3),
(11, '清洗水池數', '池', 3),
(12, '環境整理時數', '小時', 3);
-- 9.活動成果
INSERT INTO `ACTIVITY_RESULTS` (`ACTIVITY_ID`, `METRIC_ID`, `VALUE`, `CREATED_AT`) VALUES
(1, 9, '5', '2024-03-10 17:00:00'),
(1, 10, '12.5', '2024-03-10 17:00:00'),
(1, 11, '3', '2024-03-10 17:00:00'),
(1, 12, '6', '2024-03-10 17:00:00'),
(2, 9, '0', '2024-04-14 18:00:00'),
(2, 12, '3', '2024-04-14 18:00:00'),
(3, 1, '285.5', '2024-04-15 13:00:00'),
(3, 2, '32', '2024-04-15 13:00:00'),
(3, 3, '15', '2024-04-15 13:00:00'),
(3, 4, '420', '2024-04-15 13:00:00'),
(4, 9, '0', '2024-05-05 17:00:00'),
(4, 12, '3', '2024-05-05 17:00:00'),
(5, 5, '3', '2024-05-16 03:00:00'),
(5, 6, '1', '2024-05-16 03:00:00'),
(5, 7, '1', '2024-05-16 03:00:00'),
(5, 8, '綠蠵龜', '2024-05-16 03:00:00'),
(6, 1, '150.2', '2024-05-20 18:00:00'),
(6, 2, '20', '2024-05-20 18:00:00'),
(6, 3, '8', '2024-05-20 18:00:00'),
(6, 4, '150', '2024-05-20 18:00:00'),
(7, 1, '420.0', '2024-06-08 14:00:00'),
(7, 2, '55', '2024-06-08 14:00:00'),
(7, 3, '25', '2024-06-08 14:00:00'),
(7, 4, '600', '2024-06-08 14:00:00'),
(8, 5, '0', '2024-06-10 23:30:00'),
(8, 6, '0', '2024-06-10 23:30:00'),
(8, 7, '0', '2024-06-10 23:30:00'),
(8, 8, '無', '2024-06-10 23:30:00'),
(9, 9, '10', '2024-06-15 13:00:00'),
(9, 10, '0', '2024-06-15 13:00:00'),
(9, 11, '4', '2024-06-15 13:00:00'),
(9, 12, '3', '2024-06-15 13:00:00');



/*!40101 SET CHARACTER_SET_CLIENT=@OLD_CHARACTER_SET_CLIENT */;
/*!40101 SET CHARACTER_SET_RESULTS=@OLD_CHARACTER_SET_RESULTS */;
/*!40101 SET COLLATION_CONNECTION=@OLD_COLLATION_CONNECTION */;



SET SQL_MODE = "NO_AUTO_VALUE_ON_ZERO";
START TRANSACTION;
SET time_zone = "+00:00";
--
-- 資料表結構 `NEWS`
--

CREATE TABLE `NEWS` (
  `NEWS_ID` int(11) NOT NULL COMMENT '文章編號',
  `ADMIN_ID` varchar(20) NOT NULL COMMENT '發布管理者帳號/ID',
  `NEWS_TITLE` varchar(100) NOT NULL COMMENT '文章標題',
  `NEWS_CATEGORY` varchar(50) NOT NULL COMMENT '文章分類',
  `NEWS_PUBLISHED_AT` datetime NOT NULL COMMENT '發布時間',
  `NEWS_CONTENT` longtext NOT NULL COMMENT '文章內容',
  `NEWS_IMAGE_PATH` varchar(255) NOT NULL COMMENT '文章圖片',
  `NEWS_STATUS` varchar(10) NOT NULL COMMENT '文章狀態'
) ENGINE=InnoDB DEFAULT CHARSET=utf8mb4 COMMENT='最新消息';

--
-- 傾印資料表的資料 `NEWS`
--

INSERT INTO news (NEWS_ID, ADMIN_ID, NEWS_TITLE, NEWS_CATEGORY, NEWS_PUBLISHED_AT, NEWS_CONTENT, NEWS_IMAGE_PATH, NEWS_STATUS) VALUES
(1, 'editor_sarah', '海洋污染成隱形殺手,研究顯示 8 成海龜體內含微塑膠', '重要公告', '2025-08-10 14:30:00', '一份最新的跨國研究指出,全球海洋中的海龜皆面臨微塑膠威脅,這將影響牠們的生殖能力與免疫系統。', 'news/news31.jpg', 'published'),
(2, 'admin_system', '【系統公告】資料庫備份作業通知,系統將暫時停止營運', '重要公告', '2025-08-15 02:00:00', '系統將進行每月例行性資料庫備份,預計耗時 30 分鐘。作業期間網站瀏覽可能會有短暫延遲,不影響資料存取。', 'news/news30.jpg', 'published'),
(3, 'editor_lisa', '【地點更換】親子環保 DIY 教室改至 B1 會議室舉行', '異動通知', '2025-08-20 10:00:00', '原定於一樓大廳舉辦的親子環保 DIY 活動,因場地設備檢修,將改至地下一樓 B1 會議室舉行,時間維持不變。', 'news/news29.png', 'published'),
(4, 'editor_mark', '【緊急招募】颱風過境急需 50 位志工清理宜蘭外澳沙灘', '異動通知', '2025-08-30 08:00:00', '颱風帶來大量海漂垃圾,若不盡快清理將被捲回海中。我們臨時發起緊急淨灘,本週六早上需要你的雙手支援!', 'news/news28.jpg', 'published'),
(5, 'editor_sarah', '【影片】海龜視角看世界!GoPro 意外拍下的驚奇畫面', '重要公告', '2025-09-05 12:00:00', '潛水客遺落的相機意外記錄下了海龜一天的生活。從覓食到浮出水面換氣,帶你用第一人稱視角體驗海龜日常。', 'news/news27.jpg', 'published'),
(6, 'editor_lisa', '中秋連假海邊烤肉?請記得「無痕海洋」原則', '重要公告', '2025-09-15 16:00:00', '中秋佳節在海邊賞月烤肉固然愜意,但請務必帶走所有垃圾與炭灰,避免流入海洋成為海龜的致命食物。', 'news/news26.jpg', 'published'),
(7, 'admin_system', '網站隱私權政策與 Cookie 條款更新通知', '重要公告', '2025-09-20 09:00:00', '我們更新了隱私權政策與 Cookie 使用條款,以符合最新的個資保護法規。繼續使用本網站即代表您同意新版條款。', 'news/news25.jpg', 'published'),
(8, 'editor_mark', '【期限延長】2025 秋季淨灘活動報名延長三天', '異動通知', '2025-09-25 10:00:00', '回應大家的熱情,我們決定將報名截止時間延長至 9/28!還沒報名的朋友請把握最後機會,一起為海洋盡一份心力。', 'news/news24.jpg', 'published'),
(9, 'editor_sarah', '賞龜公約推廣:不觸摸、不追逐、不驚擾', '重要公告', '2025-10-01 14:00:00', '在水下遇見海龜好興奮?請保持 5 公尺以上距離,你的觸摸可能會讓海龜受到驚嚇甚至感染細菌。愛牠,請保持距離。', 'news/news23.png', 'published'),
(10, 'editor_lisa', '募資計畫啟動:為海龜醫院添購新的 X 光機', '重要公告', '2025-10-10 10:00:00', '原本的設備已老舊不堪使用,我們需要您的力量,為海龜醫院添購數位 X 光機,讓受傷海龜能獲得更精準的診斷。', 'news/news22.jpg', 'published'),
(11, 'editor_mark', '學術新發現!台灣東部海域發現玳瑁海龜新覓食熱點', '重要公告', '2025-10-18 11:00:00', '海洋大學研究團隊透過衛星發報器追蹤,在台東外海發現極為罕見的玳瑁群聚覓食熱點,這對劃設保護區有重大意義。', 'news/news21.png', 'published'),
(12, 'admin_system', '【故障排除】圖片上傳失敗問題已修復完成', '重要公告', '2025-10-25 17:00:00', '稍早部分使用者反應無法上傳淨灘成果照片,工程團隊已修復此問題,目前功能已恢復正常,感謝您的耐心等候。', 'news/news20.jpg', 'published'),
(13, 'editor_sarah', '國際志工日特別企劃:聽資深保育員講故事', '重要公告', '2025-11-01 13:00:00', '他們在海邊守了 20 年,只為看著小海龜平安游向大海。國際志工日,來聽聽這些默默付出的無名英雄的故事。', 'news/news19.png', 'published'),
(14, 'editor_lisa', '【活動改期】原定 11/15 墾丁淨灘活動順延一週', '異動通知', '2025-11-10 16:00:00', '因場地協調因素,墾丁後壁湖淨灘活動將順延至 11/22 舉行。已報名的志工無需重新報名,無法參加者請回信告知。', 'news/news18.png', 'published'),
(15, 'editor_mark', '【暫停服務】辦公室春節期間暫停行政服務通知', '異動通知', '2025-11-20 08:00:00', '本協會辦公室將於春節期間暫停行政服務,但海龜救援專線 24 小時仍有人員值班,若遇緊急狀況請直接撥打專線。', 'news/news17.jpg', 'published'),
(16, 'editor_sarah', '與海洋共生:在地漁民合作計畫啟動,推廣友善漁具', '重要公告', '2025-11-28 10:00:00', '為了減少海龜誤觸漁網難斃的悲劇,我們與屏東在地漁會合作,推廣使用對海龜更友善的圓形魚鉤與逃脫裝置。', 'news/news16.jpg', 'published'),
(17, 'admin_system', '網站新功能:即時海龜追蹤地圖 Beta 版上線', '重要公告', '2025-12-05 11:00:00', '想知道我們野放的海龜游到哪裡了嗎?全新的「海龜追蹤地圖」上線囉!快來看看「小海」是不是又游回小琉球了。', 'news/news15.jpg', 'published'),
(18, 'editor_lisa', '【報名額滿】2026 寒假小小海龜保育員體驗營已截止', '異動通知', '2025-12-10 09:30:00', '感謝各位家長熱烈支持,寒假體驗營兩梯次皆已額滿。系統已關閉報名表單,若有釋出名額將另行公告。', 'news/news14.jpg', 'published'),
(19, 'editor_mark', '發現受傷海龜怎麼辦?「海龜救援 123」標準流程教學', '重要公告', '2025-12-15 14:00:00', '在海邊發現擱淺或受傷的海龜時,千萬不要急著把牠推回海裡!請記住這三個步驟:1. 撥打 118、2. 記錄地點、3. 保濕覆蓋。', 'news/news13.png', 'published'),
(20, 'editor_sarah', '別讓吸管成為兇手!「減塑生活 30 天」挑戰賽開跑', '重要公告', '2025-12-20 12:00:00', '每天一個減塑小任務,連續 30 天,養成愛護海洋的好習慣。完成挑戰還有機會獲得限量環保餐具組!', 'news/news12.jpg', 'published'),
(21, 'editor_lisa', '【取消公告】1/20 北海岸淨灘活動因豪雨特報取消', '異動通知', '2025-12-28 15:30:00', '氣象局發布豪雨特報,且沿海風浪過大,為顧及參與者安全,原定本週日的北海岸淨灘活動確定取消,不另擇期。', 'news/news11.jpg', 'published'),
(22, 'editor_mark', '2025 年度海龜保育成果報告書正式上線', '重要公告', '2026-01-01 10:00:00', '感謝大家過去一年的支持!2025 年我們共救援了 12 隻海龜,並清除了超過 3 噸的海廢。詳細數據請下載完整報告。', 'news/news10.png', 'published'),
(23, 'admin_system', '【服務暫停】線上捐款功能將於 1/8 上午暫停維護', '異動通知', '2026-01-05 09:00:00', '配合金流服務商系統維護,本站將於 1/8 上午 10:00 至 12:00 暫停信用卡捐款服務,造成不便敬請見諒。', 'news/news9.png', 'published'),
(24, 'editor_sarah', '海廢藝術展「塑縛」將於駁二特區盛大開幕', '重要公告', '2026-01-10 13:15:00', '由 10 位藝術家利用淨灘撿拾的海洋廢棄物創作,展覽將於本週末在駁二藝術特區登場,歡迎免費參觀。', 'news/news8.jpg', 'published'),
(25, 'editor_lisa', '【名額釋出】澎湖望安巡守隊追加 5 名志工,欲報從速', '異動通知', '2026-01-12 11:45:00', '由於部分志工行程異動,我們釋出了 5 個寶貴的名額!這是一次難得的機會,額滿後系統將自動關閉報名。', 'news/news7.png', 'published'),
(26, 'admin_system', '【系統維護】網站伺服器將於 2026/02/01 暫停服務兩小時', '重要公告', '2026-01-14 09:00:00', '為了提供更穩定的連線品質,本站將於 2026 年 2 月 1 日凌晨 02:00 至 04:00 進行伺服器維護,期間將暫停所有報名與捐款功能。', 'news/news6.jpg', 'published'),
(27, 'editor_mark', '【資安升級】會員系統更新說明,請盡快重設您的密碼', '重要公告', '2026-01-15 08:00:00', '為了加強個人資料保護,我們已全面升級會員加密系統。請所有會員登入後依照指示重設密碼,以確保帳戶安全。', 'news/news5.jpg', 'published'),
(28, 'admin_alex', '守護海洋安全第一:【龜途】2025 綠蠵龜棲地守護淨灘活動延期通知', '重要公告', '2026-01-16 09:00:00', '親愛的用戶您好,本平台將於下週六凌晨進行例行性系統維護,預計暫停服務 4 小時,造成不便敬請見諒。', 'news/news4.png', 'published'),
(29, 'editor_sarah', '好消息!重傷綠蠵龜「安安」康復,將於本週日進行野放', '重要公告', '2026-01-18 16:20:00', '經過獸醫團隊長達半年的細心照料,誤食塑膠袋的綠蠵龜「安安」終於恢復健康,誠摯邀請大家到場給予祝福。', 'news/news3.png', 'published'),
(30, 'editor_lisa', '【緊急異動】因強烈颱風接近,本週六「海龜生態講座」延期', '異動通知', '2026-01-20 10:00:00', '考量志工與學員安全,原定本週六於基隆舉辦的生態講座將延期至下個月,詳細退費或保留資格辦法請見內文。', 'news/news2.jpg', 'published'),
(31, 'editor_mark', '還給海龜乾淨的家:2026 小琉球春季大型淨灘招募啟動', '重要公告', '2026-01-25 14:30:00', '春暖花開,正是海龜準備洄游的季節。邀請您與我們一同前往小琉球,清除沙灘廢棄物,迎接海龜媽媽回家。', 'news/news1.png', 'published');
--
-- 已傾印資料表的索引
--

--
-- 資料表索引 `NEWS`
--
ALTER TABLE `NEWS`
  ADD PRIMARY KEY (`NEWS_ID`),
  ADD KEY `FK_ADMIN_ID` (`ADMIN_ID`);

--
-- 在傾印的資料表使用自動遞增(AUTO_INCREMENT)
--

--
-- 使用資料表自動遞增(AUTO_INCREMENT) `NEWS`
--
ALTER TABLE `NEWS`
  MODIFY `NEWS_ID` int(11) NOT NULL AUTO_INCREMENT COMMENT '文章編號', AUTO_INCREMENT=32;
COMMIT;

--
-- 資料表結構 `donations`
--

CREATE TABLE `donations` (
  `DONATION_ID` int(11) NOT NULL COMMENT '捐款編號',
  `MEMBER_ID` int(11) NOT NULL COMMENT '會員識別編號',
  `AMOUNT` int(11) NOT NULL COMMENT '捐款金額',
  `DONATION_DATE` datetime NOT NULL DEFAULT CURRENT_TIMESTAMP COMMENT '捐款時間',
  `SUBSCRIPTION_ID` int(11) DEFAULT NULL COMMENT '定期定額捐款編號',
  `PAYMENT_METHOD` varchar(20) NOT NULL COMMENT '金流類型(信用卡、LINE_PAY)',
  `DONATION_TYPE` varchar(20) NOT NULL COMMENT '捐款類型(單次捐款、定期定額)',
  `TRANSACTION_ID` varchar(100) NOT NULL COMMENT '交易編號'
) ENGINE=InnoDB DEFAULT CHARSET=utf8mb4;

--
-- 傾印資料表的資料 `donations`
--

INSERT INTO `donations` (`DONATION_ID`, `MEMBER_ID`, `AMOUNT`, `DONATION_DATE`, `SUBSCRIPTION_ID`, `PAYMENT_METHOD`, `DONATION_TYPE`, `TRANSACTION_ID`) VALUES
(1, 1, 1000, '2025-12-01 10:00:00', 101, '信用卡', '定期定額', 'TXN202512010001'),
(2, 2, 500, '2025-12-02 14:30:00', NULL, 'LINE_PAY', '單次捐款', 'TXN202512020002'),
(3, 3, 2000, '2025-12-03 09:15:00', NULL, '信用卡', '單次捐款', 'TXN202512030003'),
(4, 4, 300, '2025-12-05 18:20:00', 102, 'LINE_PAY', '定期定額', 'TXN202512050004'),
(5, 5, 5000, '2025-12-07 11:00:00', NULL, '信用卡', '單次捐款', 'TXN202512070005'),
(6, 1, 1000, '2026-01-01 10:00:00', 101, '信用卡', '定期定額', 'TXN202601010006'),
(7, 6, 1500, '2026-01-02 20:45:00', NULL, 'LINE_PAY', '單次捐款', 'TXN202601020007'),
(8, 7, 600, '2026-01-04 13:10:00', 103, '信用卡', '定期定額', 'TXN202601040008'),
(9, 8, 200, '2026-01-05 15:55:00', NULL, 'LINE_PAY', '單次捐款', 'TXN202601050009'),
(10, 9, 1200, '2026-01-06 17:30:00', NULL, '信用卡', '單次捐款', 'TXN202601060010'),
(11, 10, 800, '2026-01-08 12:00:00', 104, 'LINE_PAY', '定期定額', 'TXN202601080011'),
(12, 4, 300, '2026-01-05 18:20:00', 102, 'LINE_PAY', '定期定額', 'TXN202601050012'),
(13, 2, 100, '2026-01-10 22:15:00', NULL, 'LINE_PAY', '單次捐款', 'TXN202601100013'),
(14, 3, 2500, '2026-01-12 08:40:00', NULL, '信用卡', '單次捐款', 'TXN202601120014'),
(15, 5, 500, '2026-01-15 14:00:00', NULL, 'LINE_PAY', '單次捐款', 'TXN202601150015'),
(19, 10, 555, '2026-01-28 13:23:08', NULL, '信用卡', '單次捐款', '2601281322465864');

-- --------------------------------------------------------

--
-- 資料表結構 `financial_reports`
--

CREATE TABLE `financial_reports` (
  `FINANCIAL_REPORT_ID` int(11) NOT NULL COMMENT '徵信資料編號',
  `DATA_YEAR` year(4) NOT NULL COMMENT '資料年份',
  `UPLOAD_DATE` datetime NOT NULL DEFAULT CURRENT_TIMESTAMP COMMENT '上傳時間',
  `FILE_PATH` varchar(255) NOT NULL COMMENT '檔案路徑'
) ENGINE=InnoDB DEFAULT CHARSET=utf8mb4;

--
-- 傾印資料表的資料 `financial_reports`
--

INSERT INTO `financial_reports` (`FINANCIAL_REPORT_ID`, `DATA_YEAR`, `UPLOAD_DATE`, `FILE_PATH`) VALUES
(1, 2025, '2026-01-26 16:34:03', 'reports/financial_report_2025.png'),
(2, 2024, '2025-01-15 10:30:00', 'reports/financial_report_2024.png'),
(3, 2023, '2024-02-10 14:20:00', 'reports/financial_report_2023.png'),
(4, 2022, '2023-01-20 09:00:00', 'reports/financial_report_2022.png'),
(5, 2021, '2022-03-05 16:45:00', 'reports/financial_report_2021.png');

-- 
-- ------------------------------------------------------

--
-- 資料表結構 `subscription`
--

CREATE TABLE `subscription` (
  `SUBSCRIPTION_ID` int(11) NOT NULL COMMENT '定期定額捐款編號',
  `MEMBER_ID` int(11) NOT NULL COMMENT '會員識別編號',
  `AMOUNT` int(11) NOT NULL COMMENT '每期捐款金額',
  `START_DATE` date NOT NULL COMMENT '開始日期',
  `STATUS` tinyint(1) NOT NULL DEFAULT '1' COMMENT '是否正常扣款(1為正常，0為停止)',
  `END_DATE` date DEFAULT NULL COMMENT '結束日期'
) ENGINE=InnoDB DEFAULT CHARSET=utf8mb4;

--
-- 傾印資料表的資料 `subscription`
--

INSERT INTO `subscription` (`SUBSCRIPTION_ID`, `MEMBER_ID`, `AMOUNT`, `START_DATE`, `STATUS`, `END_DATE`) VALUES
(101, 1, 1000, '2025-01-01', 1, NULL),
(102, 4, 300, '2025-03-15', 1, NULL),
(103, 7, 600, '2024-06-01', 1, NULL),
(104, 10, 800, '2024-11-20', 1, NULL),
(105, 2, 500, '2023-01-01', 0, '2024-01-01'),
(106, 3, 2000, '2025-05-10', 1, NULL),
(107, 5, 1500, '2024-02-28', 1, NULL),
(108, 6, 200, '2024-08-15', 1, NULL),
(109, 8, 100, '2023-05-05', 0, '2023-11-05'),
(110, 9, 3000, '2025-09-01', 1, NULL),
(111, 11, 500, '2025-10-12', 1, NULL),
(112, 12, 1000, '2024-12-25', 1, NULL),
(113, 13, 300, '2024-04-01', 1, NULL),
(114, 14, 1200, '2023-07-20', 0, '2025-07-20'),
(115, 15, 2500, '2025-01-20', 1, NULL);

--
-- 已傾印資料表的索引
--

--
-- 資料表索引 `donations`
--
ALTER TABLE `donations`
  ADD PRIMARY KEY (`DONATION_ID`),
  ADD KEY `fk_donation_subscription` (`SUBSCRIPTION_ID`);

--
-- 資料表索引 `financial_reports`
--
ALTER TABLE `financial_reports`
  ADD PRIMARY KEY (`FINANCIAL_REPORT_ID`);


--
-- 資料表索引 `subscription`
--
ALTER TABLE `subscription`
  ADD PRIMARY KEY (`SUBSCRIPTION_ID`);

--
-- 在傾印的資料表使用自動遞增(AUTO_INCREMENT)
--

--
-- 使用資料表自動遞增(AUTO_INCREMENT) `donations`
--
ALTER TABLE `donations`
  MODIFY `DONATION_ID` int(11) NOT NULL AUTO_INCREMENT COMMENT '捐款編號', AUTO_INCREMENT=20;

--
-- 使用資料表自動遞增(AUTO_INCREMENT) `financial_reports`
--
ALTER TABLE `financial_reports`
  MODIFY `FINANCIAL_REPORT_ID` int(11) NOT NULL AUTO_INCREMENT COMMENT '徵信資料編號', AUTO_INCREMENT=6;


--
-- 使用資料表自動遞增(AUTO_INCREMENT) `subscription`
--
ALTER TABLE `subscription`
  MODIFY `SUBSCRIPTION_ID` int(11) NOT NULL AUTO_INCREMENT COMMENT '定期定額捐款編號', AUTO_INCREMENT=116;

--
-- 已傾印資料表的限制式
--

--
-- 資料表的限制式 `donations`
--
ALTER TABLE `donations`
  ADD CONSTRAINT `fk_donation_subscription` FOREIGN KEY (`SUBSCRIPTION_ID`) REFERENCES `subscription` (`SUBSCRIPTION_ID`) ON DELETE SET NULL ON UPDATE CASCADE;
COMMIT;