-- phpMyAdmin SQL Dump
-- version 5.1.2
-- https://www.phpmyadmin.net/
--
-- 主機： localhost:8889
-- 產生時間： 2026-01-31 05:19:04
-- 伺服器版本： 5.7.24
-- PHP 版本： 8.3.1

SET SQL_MODE = "NO_AUTO_VALUE_ON_ZERO";
START TRANSACTION;
SET time_zone = "+08:00";


/*!40101 SET @OLD_CHARACTER_SET_CLIENT=@@CHARACTER_SET_CLIENT */;
/*!40101 SET @OLD_CHARACTER_SET_RESULTS=@@CHARACTER_SET_RESULTS */;
/*!40101 SET @OLD_COLLATION_CONNECTION=@@COLLATION_CONNECTION */;
/*!40101 SET NAMES utf8mb4 */;

--
-- 資料庫: `backhome_db`
--

-- --------------------------------------------------------

--
-- 資料表結構 `ACTIVITIES`
--

CREATE TABLE `ACTIVITIES` (
  `ACTIVITY_ID` int(11) NOT NULL COMMENT '活動編號',
  `ACTIVITY_TITLE` varchar(255) COLLATE utf8mb4_unicode_ci NOT NULL COMMENT '活動標題',
  `ACTIVITY_CATEGORY_ID` int(11) NOT NULL COMMENT '類別:1淨灘,2巡守,3照護',
  `ACTIVITY_DESCRIPTION` text COLLATE utf8mb4_unicode_ci NOT NULL COMMENT '活動簡介',
  `ACTIVITY_NOTES` text COLLATE utf8mb4_unicode_ci COMMENT '注意事項',
  `ACTIVITY_LOCATION` varchar(255) COLLATE utf8mb4_unicode_ci NOT NULL COMMENT '活動地點',
  `ACTIVITY_LOCATION_AREA` varchar(50) COLLATE utf8mb4_unicode_ci NOT NULL COMMENT '區域(北/中/南/東/離島)',
  `ACTIVITY_COVER_IMAGE` varchar(255) COLLATE utf8mb4_unicode_ci DEFAULT NULL COMMENT '封面圖片路徑',
  `ACTIVITY_START_DATETIME` datetime NOT NULL COMMENT '活動開始時間',
  `ACTIVITY_END_DATETIME` datetime NOT NULL COMMENT '活動結束時間',
  `ACTIVITY_MAX_PEOPLE` int(11) NOT NULL DEFAULT '0' COMMENT '人數上限',
  `ACTIVITY_SIGNUP_PEOPLE` int(11) NOT NULL DEFAULT '0' COMMENT '已報名人數',
  `ACTIVITY_SIGNUP_END_DATETIME` datetime NOT NULL COMMENT '報名結束時間',
  `ACTIVITY_STATUS` varchar(20) COLLATE utf8mb4_unicode_ci NOT NULL DEFAULT '1' COMMENT '狀態',
  `ADMIN_ID` varchar(20) NOT NULL COMMENT '管理者ID',
  `ACTIVITY_CREATED_AT` datetime DEFAULT CURRENT_TIMESTAMP COMMENT '建立時間',
  PRIMARY KEY (`ACTIVITY_ID`)
) ENGINE=InnoDB DEFAULT CHARSET=utf8mb4 COLLATE=utf8mb4_unicode_ci;

--
-- 傾印資料表的資料 `ACTIVITIES`
--

INSERT INTO `ACTIVITIES` (`ACTIVITY_ID`, `ACTIVITY_TITLE`, `ACTIVITY_CATEGORY_ID`, `ACTIVITY_DESCRIPTION`, `ACTIVITY_NOTES`, `ACTIVITY_LOCATION`, `ACTIVITY_LOCATION_AREA`, `ACTIVITY_COVER_IMAGE`, `ACTIVITY_START_DATETIME`, `ACTIVITY_END_DATETIME`, `ACTIVITY_MAX_PEOPLE`, `ACTIVITY_SIGNUP_PEOPLE`, `ACTIVITY_SIGNUP_END_DATETIME`, `ACTIVITY_STATUS`, `ADMIN_ID`, `ACTIVITY_CREATED_AT`) VALUES
(1, '2024 基隆海科館一日海龜照護員', 2, '深入基隆海科館後場，穿上防水圍裙，親手協助刷洗海龜背甲、準備餌料。這不僅是體驗，更是直接參與受傷海龜的復健過程。透過與海龜的近距離接觸，了解海洋廢棄物對牠們的傷害。', '1. 本活動需進入後場管制區，請務必攜帶身分證件換證。\r\n2. 照護工作包含接觸生鮮餌料（魚蝦），若對海鮮嚴重過敏者請勿報名。\r\n3. 請穿著防水防滑的膠鞋（雨鞋最佳），並自備一套換洗衣物。\r\n4. 活動期間嚴禁使用閃光燈拍照，以免驚嚇海龜。\r\n5. 中午提供員工餐廳餐券，請自備環保餐具。', '基隆市中正區國立海洋科技博物館', '北部', 'act_698769a23c4ef.jpeg', '2024-03-10 09:00:00', '2024-03-10 12:00:00', 20, 15, '2024-03-09 23:59:59', '1', 'admin001', '2026-02-08 00:34:42'),
(2, '2024 海洋生物急救護理培訓', 2, '遇到擱淺海龜該怎麼辦？本活動將教導志工正確的保濕、扶正與搬運技巧。透過模擬道具的操作與獸醫的專業指導，讓您成為海洋生物救援的第一線守護者。', '1. 本活動為室內講座結合部分實作，請穿著輕便好活動的服裝（褲裝為佳）。\r\n2. 模擬搬運操作需需兩人一組，請聽從講師指導用力，避免腰部受傷。\r\n3. 現場禁止錄影，但可拍照記錄投影片重點。\r\n4. 不包含水族館參觀門票，若需參觀請自行購票。', '桃園市中壢區 Xpark', '北部', 'act_69876a0c12f5b.jpeg', '2024-04-14 09:00:00', '2024-04-14 12:00:00', 18, 13, '2024-04-13 23:59:59', '1', 'admin001', '2026-02-08 00:36:28'),
(3, '2024 新北石門老梅綠石槽淨灘', 1, '春季限定的綠石槽美景，不該被垃圾覆蓋。我們將深入礁岩縫隙，清除卡在其中的漁網與塑膠碎片。還給綠藻一個乾淨的生長環境，也保護前來覓食的海洋生物。', '1. 本次淨灘地點位於礁岩地形，行走較為困難，請務必穿著防滑鞋或膠鞋。\r\n2. 嚴禁踩踏綠藻區域，以免破壞生態及滑倒。\r\n3. 建議穿著長褲以防被礁石割傷，並做好物理防曬。\r\n4. 請自備棉布手套與不鏽鋼長夾。\r\n5. 活動結束後需協助將垃圾分類並搬運至集中點。', '新北市石門區老梅沙灘', '北部', 'act_69876a1a923ee.jpeg', '2024-04-15 09:00:00', '2024-04-15 12:00:00', 20, 15, '2024-04-14 23:59:59', '1', 'admin001', '2026-02-08 00:36:42'),
(4, '2024 宜蘭壯圍海岸大型淨灘行動', 1, '壯圍沙灘長年堆積大量海漂垃圾。本次活動將號召百名志工，集中清理大型廢棄漁具與浮球。讓我們用雙手移除這些海洋殺手，恢復沙灘原本的純淨樣貌。', '1. 海邊風沙較大，建議配戴護目鏡或帽子。\r\n2. 大型漁具重量較重，請以小組為單位合力搬運，切勿勉強。\r\n3. 若發現針頭等危險醫療廢棄物，請勿徒手撿拾，應立即通報隊長。\r\n4. 現場提供麻布袋，請勿使用自備的塑膠袋。\r\n5. 主辦單位提供桶裝水，請自備環保水壺。', '宜蘭縣壯圍鄉永鎮海濱', '東部', 'act_69876a4ed4cd7.jpeg', '2024-05-05 09:00:00', '2024-05-05 12:00:00', 21, 16, '2024-05-04 23:59:59', '1', 'admin001', '2026-02-08 00:37:34'),
(5, '2024 小琉球夜間海龜產卵巡護', 3, '每年 5-10 月是海龜產卵季。志工將在夜間分組巡邏沙灘，使用紅光手電筒尋找海龜上岸的爬痕。協助記錄產卵位置並守護海龜媽媽不受干擾，是極具神聖使命的任務。', '1. 夜間巡護請全程保持肅靜，嚴禁大聲喧嘩。\r\n2. 務必使用貼有紅色玻璃紙的手電筒，絕對禁止使用白光或閃光燈。\r\n3. 請穿著深色衣物，避免穿著會發光的鞋子。\r\n4. 若發現海龜上岸，請立即蹲下並保持 10 公尺以上距離。\r\n5. 需在沙灘行走約 2-3 小時，請衡量自身體力。', '屏東縣琉球鄉蛤板灣', '離島', 'act_69876a84ed4d6.jpeg', '2024-05-15 09:00:00', '2024-05-15 12:00:00', 15, 10, '2024-05-14 23:59:59', '1', 'admin001', '2026-02-08 00:38:28'),
(6, '2024 桃園觀音藻礁生態淨灘', 1, '守護珍貴的藻礁生態系！強風將大量保麗龍碎屑吹進藻礁孔隙中，需要志工彎下腰耐心撿拾。這是對耐心與體力的考驗，但為了紅肉丫髻鯊的育幼場，一切都值得。', '1. 藻礁地形崎嶇不平，請穿著包覆性良好的硬底鞋。\r\n2. 現場風勢強勁，建議穿著防風外套並固定好帽子。\r\n3. 主要清理目標為細小保麗龍碎片，請自備細夾子或篩網。\r\n4. 請勿踩踏活體珊瑚或挖掘潮間帶生物。\r\n5. 注意潮汐時間，請嚴格遵守撤退指令。', '桃園市觀音區草漯沙丘', '北部', 'act_69876ab428cac.jpeg', '2024-05-20 09:00:00', '2024-05-20 12:00:00', 9, 4, '2024-05-19 23:59:59', '1', 'admin001', '2026-02-08 00:39:16'),
(7, '2024 基隆潮境公園水下淨海行動', 1, '本活動招募具備進階潛水證照的志工，潛入海底清除覆蓋在珊瑚礁上的廢棄漁網（幽靈漁網）。還給魚群一個安全的家，讓海底花園重現生機。', '1. 參加者必須持有 AOW (進階開放水域) 以上潛水證照，並出示潛水日誌。\r\n2. 請自備全套輕重裝備（現場僅提供氣瓶與配重）。\r\n3. 嚴格實施潛伴制度 (Buddy System)，切勿單獨脫隊行動。\r\n4. 清除漁網時請小心使用剪刀，避免破壞珊瑚或割傷自己。\r\n5. 若海況不佳，主辦方有權隨時取消下潛。', '基隆市潮境公園', '北部', 'act_69876adb67843.jpeg', '2024-06-08 09:00:00', '2024-06-08 12:00:00', 24, 19, '2024-06-07 23:59:59', '1', 'admin001', '2026-02-08 00:39:55'),
(8, '2024 蘭嶼達悟族海岸巡守隊', 3, '結合傳統文化與現代保育。志工將與達悟族人一同巡視海岸，維護拼板舟停泊區的環境，並監測是否有非法捕撈或破壞珊瑚礁的行為。體驗離島特有的海洋文化。', '1. 請尊重當地部落文化，未經同意請勿觸碰拼板舟或擅自登船。\r\n2. 飛魚季期間請遵守相關禁忌，女性請勿觸碰漁具。\r\n3. 海岸礁岩銳利，請穿著防滑鞋。\r\n4. 巡守過程請配合部落長老的指示，勿隨意離隊。\r\n5. 響應環保，島上請勿使用一次性塑膠製品。', '台東縣蘭嶼鄉東清灣', '離島', 'act_69876b03dc656.jpeg', '2024-06-10 09:00:00', '2024-06-10 12:00:00', 20, 15, '2024-06-09 23:59:59', '1', 'admin001', '2026-02-08 00:40:35'),
(9, '2024 澎湖海龜收容中心照護志工', 2, '協助水試所的研究人員照顧收容中的受傷海龜。工作內容包含清洗水池、測量海龜體長體重、以及協助餵食。這是近距離觀察海龜復原過程的難得機會。', '1. 請穿著不怕濕、髒的舊衣物，現場備有更衣室。\r\n2. 接觸海龜前後請務必徹底清洗雙手，避免細菌交互感染。\r\n3. 測量海龜時動作需輕柔，避免造成海龜緊迫。\r\n4. 餵食餌料時請注意手指安全，避免被海龜誤咬。\r\n5. 收容中心內禁止飲食與奔跑。', '澎湖縣馬公市水產試驗所', '離島', 'act_69876b1fc020c.jpeg', '2024-06-15 09:00:00', '2024-06-15 12:00:00', 15, 10, '2024-06-14 23:59:59', '1', 'admin001', '2026-02-08 00:41:03'),
(10, '2024 澎湖望安綠蠵龜保護區巡守', 3, '在綠蠵龜的故鄉，進行嚴密的夜間巡護。志工需在沙灘上長時間行走，排除可能影響海龜上岸的障礙物，並勸導遊客遠離保護區，確保海龜產卵順利。', '1. 保護區內嚴禁煙火、露營及大聲喧嘩。\r\n2. 夜間巡邏請穿著長袖長褲，以防蚊蟲叮咬。\r\n3. 發現遊客違規闖入，請以勸導為主，並通報海巡單位。\r\n4. 請勿在沙灘上留下任何垃圾或食物殘渣。\r\n5. 需配合輪班制度，部分時段可能為深夜。', '澎湖縣望安鄉網垵口沙灘', '離島', 'act_69876b41661d7.jpeg', '2024-07-05 09:00:00', '2024-07-05 12:00:00', 13, 8, '2024-07-04 23:59:59', '1', 'admin001', '2026-02-08 00:41:37'),
(11, '2024 苗栗後龍好望角夕陽淨灘', 1, '在巨大的風車與美麗的夕陽下，進行海岸清潔活動。重點清除沙灘上的寶特瓶與塑膠吸管，防止它們再次流入海洋。活動結束後將進行垃圾分類與秤重。', '1. 這裡風沙較大，請配戴口罩或頭巾遮擋口鼻。\r\n2. 沙灘上有許多破碎玻璃與尖銳物，請務必穿著包鞋。\r\n3. 淨灘範圍較廣，請隨時補充水分，避免中暑。\r\n4. 請將可回收資源（如寶特瓶）與一般垃圾確實分開。\r\n5. 活動結束後提供在地西瓜消暑。', '苗栗縣後龍鎮好望角', '中部', 'act_69876b8370daa.jpeg', '2024-07-15 09:00:00', '2024-07-15 12:00:00', 20, 15, '2024-07-14 23:59:59', '1', 'admin001', '2026-02-08 00:42:43'),
(12, '2024 台中科博館受傷海龜照護營', 2, '與科博館獸醫合作，學習海龜的基礎醫療照護知識。志工將協助整理醫療器材、準備營養補給品，並了解如何透過骨骼標本研究海龜的死因與保育方針。', '1. 實驗室內禁止飲食，請將食物放置於置物櫃。\r\n2. 操作醫療器材時請佩戴手套，並嚴格遵守消毒程序。\r\n3. 接觸骨骼標本請小心輕放，損壞需照價賠償。\r\n4. 請穿著實驗袍（現場提供），並將長髮綁起。\r\n5. 活動結束後需撰寫 300 字簡短心得報告。', '台中市北區國立自然科學博物館', '中部', 'act_69876b9bca92c.png', '2024-07-20 09:00:00', '2024-07-20 12:00:00', 17, 12, '2024-07-19 23:59:59', '1', 'admin001', '2026-02-08 00:43:07'),
(13, '2024 屏東海生館海龜野放訓練', 2, '康復的海龜準備回家了！志工將協助評估海龜的游泳能力與覓食狀況，並參與野放前的準備工作。見證生命重返大海的感動時刻。', '1. 野放過程請保持安靜，切勿包圍或觸摸海龜。\r\n2. 協助搬運海龜時，請聽從工作人員指令，注意自身腰部安全。\r\n3. 請勿使用閃光燈拍攝海龜入海畫面。\r\n4. 建議穿著可涉水的鞋子，方便在淺灘作業。\r\n5. 活動包含戶外與室內行程，請自備防曬與保暖衣物。', '屏東縣車城鄉國立海洋生物博物館', '南部', 'act_69876bc56b74c.jpeg', '2024-08-12 09:00:00', '2024-08-12 12:00:00', 13, 8, '2024-08-11 23:59:59', '1', 'admin001', '2026-02-08 00:43:49'),
(14, '2024 台東杉原灣護蟹巡守隊', 3, '滿月期間是陸蟹降海釋幼的高峰期。志工將在夜間道路進行巡護，協助陸蟹媽媽安全過馬路，避免遭受路殺。守護海岸生態的多樣性。', '1. 夜間視線不佳，請務必穿著反光背心（現場提供）。\r\n2. 發現陸蟹時請用雙手輕捧，協助其快速通過馬路。\r\n3. 請勿強行抓取陸蟹螯足，以免造成其斷肢。\r\n4. 巡守路線位於馬路邊，請隨時注意來往車輛。\r\n5. 請自備頭燈或手電筒，並穿著長褲防蚊。', '台東縣卑南鄉杉原灣', '東部', 'act_69876bdc383c6.jpeg', '2024-08-15 09:00:00', '2024-08-15 12:00:00', 17, 12, '2024-08-14 23:59:59', '1', 'admin001', '2026-02-08 00:44:12'),
(15, '2024 台中高美濕地生態淨灘', 1, '高美濕地是候鳥的重要棲息地。我們將穿著涉水褲進入泥灘地，清除卡在雲林莞草間的垃圾。保護濕地生態，讓候鳥有乾淨的家。', '1. 請穿著涉水褲（青蛙裝），若無自備現場可租借。\r\n2. 泥灘地行走不易，請踩穩後再移動，避免陷入泥淖。\r\n3. 請勿驚擾棲息的候鳥或挖掘招潮蟹。\r\n4. 垃圾請裝入專用網袋，避免泥水增加重量。\r\n5. 活動結束後設有沖洗區，請自備毛巾與換洗衣物。', '台中市清水區高美濕地', '中部', 'act_69876ce0b7905.jpeg', '2024-08-20 09:00:00', '2024-08-20 12:00:00', 19, 14, '2024-08-19 23:59:59', '1', 'admin001', '2026-02-08 00:48:32'),
(16, '2024 彰化王功漁港淨灘行動', 1, '養殖漁業發達的王功沿海，常有廢棄蚵棚與保麗龍堆積。志工將協助清理這些大型廢棄物，減少微塑膠對海洋的污染。這是一場體力與毅力的挑戰。', '1. 廢棄蚵棚含有鐵絲與銳利蚵殼，請務必戴厚手套。\r\n2. 搬運大型廢棄物需團隊合作，請聽從領隊指揮。\r\n3. 潮間帶泥濘濕滑，建議穿著雨鞋或膠鞋。\r\n4. 請隨時補充水分，若感不適請立即休息。\r\n5. 現場備有急救箱，若有受傷請立即告知工作人員。', '彰化縣芳苑鄉王功漁港', '中部', 'act_69876d1ce9497.jpeg', '2024-09-14 09:00:00', '2024-09-14 12:00:00', 11, 6, '2024-09-13 23:59:59', '1', 'admin001', '2026-02-08 00:49:32'),
(17, '2024 墾丁香蕉灣海岸林巡守', 3, '巡視台灣碩果僅存的海岸林生態系。志工將紀錄沿岸的生物蹤跡，並移除外來種植物與人為垃圾，維護這片珍貴的海岸綠色長城。', '1. 巡守路線穿越樹林與礁岩，請穿著長袖長褲與包鞋。\r\n2. 森林內可能有蚊蟲或蛇類，請噴灑防蚊液並隨時注意腳下。\r\n3. 未經指導請勿隨意拔除植物，以免誤傷原生種。\r\n4. 請勿餵食或觸摸野生動物（如陸蟹、寄居蟹）。\r\n5. 保持輕聲細語，聆聽大自然的聲音。', '屏東縣恆春鎮香蕉灣', '南部', 'act_69876de722c0d.jpeg', '2024-09-20 09:00:00', '2024-09-20 12:00:00', 17, 12, '2024-09-19 23:59:59', '1', 'admin001', '2026-02-08 00:52:55'),
(18, '2024 花蓮鹽寮寄居蟹巡守', 3, '尋找並記錄海岸邊的寄居蟹數量。志工將協助放置募集來的天然貝殼，讓寄居蟹有家可歸，不再揹著塑膠瓶蓋流浪。', '1. 請自備乾淨、無人工彩繪的天然貝殼（若有）。\r\n2. 發現揹著垃圾的寄居蟹，請紀錄位置並拍照，勿強行更換。\r\n3. 放置貝殼時請選擇隱蔽處，避免被遊客撿走。\r\n4. 夜間觀察請使用紅光手電筒，減少干擾。\r\n5. 請勿將寄居蟹帶回家飼養，讓牠們留在海邊。', '花蓮縣壽豐鄉鹽寮村', '東部', 'act_69876e2089b26.jpeg', '2024-10-19 09:00:00', '2024-10-19 12:00:00', 20, 15, '2024-10-18 23:59:59', '1', 'admin001', '2026-02-08 00:53:52'),
(19, '2025 海龜救傷中心志工培訓', 2, '針對新進志工的專業培訓。課程包含海龜生理學、救傷標準作業程序(SOP)以及實際操作演練。結訓後將具備協助處理擱淺海龜的基本能力。', '1. 培訓課程時數較長，請準時出席並全程參與。\r\n2. 課程中包含解剖學照片，請自行評估心理承受度。\r\n3. 實作演練需接觸冷凍餌料，請自備圍裙。\r\n4. 結訓需通過筆試與術科測驗，方可取得證書。\r\n5. 請自備環保杯與筆記本。', '新北市貢寮區海洋資源復育園區', '北部', 'act_69876e7895c72.jpeg', '2026-02-11 09:00:00', '2026-02-11 12:00:00', 20, 15, '2026-02-10 23:59:59', '1', 'admin001', '2026-02-08 00:55:20'),
(20, '2025 環島海岸線大淨灘-台北場', 1, '全台串聯的大型淨灘活動台北站。我們將在淡水河口的挖子尾自然保留區進行淨灘，清除從上游沖刷而下的生活垃圾，守護河口生態。', '1. 河口泥灘地較濕滑，建議穿著雨鞋。\r\n2. 請注意潮汐變化，聽從工作人員廣播移動。\r\n3. 撿拾垃圾時請戴手套，小心碎玻璃與魚鉤。\r\n4. 現場提供大型磅秤，請協助記錄垃圾重量。\r\n5. 活動結束後將頒發志工時數證明。', '新北市八里區挖子尾', '北部', 'act_69876ea54616e.jpeg', '2026-02-28 09:00:00', '2026-02-28 12:00:00', 20, 15, '2026-02-10 23:59:59', '1', 'admin001', '2026-02-08 00:56:05'),
(21, '2025 台大獸醫營海龜醫療見習', 2, '開放給對野生動物醫療有興趣的志工。在專業獸醫帶領下，觀摩海龜的X光檢查、抽血與手術過程，了解現代醫學如何拯救海洋生物。', '1. 進入診療室前需更換消毒衣物與鞋套。\r\n2. 觀摩過程請保持安靜，禁止隨意走動或觸碰儀器。\r\n3. 手術過程禁止錄影、錄音及拍照。\r\n4. 若有暈血或不適狀況，請立即告知工作人員。\r\n5. 需簽署保密協定，保障病例隱私。', '台北市大安區台灣大學獸醫系', '北部', 'act_69876eb8da7f4.jpeg', '2026-03-07 09:00:00', '2026-03-07 12:00:00', 10, 10, '2026-03-06 23:59:59', '1', 'admin001', '2026-02-08 00:56:24'),
(22, '2025 宜蘭烏石港衝浪淨灘', 1, '結合水上運動與環保。衝浪客與志工攜手，在享受海浪的同時，隨手帶走沙灘上的垃圾。推廣「浪人愛海洋」的生活態度。', '1. 歡迎攜帶自己的衝浪板，也可純參與沙灘淨灘。\r\n2. 請穿著防磨衣或水母衣，避免曬傷與擦傷。\r\n3. 海象變化大，下水前請務必評估自身體力與能力。\r\n4. 淨灘用的網袋請固定好，避免漂流至海中。\r\n5. 活動後提供簡單沖洗設備。', '宜蘭縣頭城鎮烏石港', '東部', 'act_69876eca6cc60.jpeg', '2026-03-22 09:00:00', '2026-03-22 12:00:00', 12, 7, '2026-03-21 23:59:59', '1', 'admin001', '2026-02-08 00:56:42'),
(23, '2025 宜蘭龜山島鯨豚觀察巡守', 3, '搭乘賞鯨船出海，協助記錄鯨豚出現的種類、數量與行為。同時監測海面漂流垃圾的狀況，建立海洋生態資料庫。', '1. 容易暈船者請於上船前 30 分鐘服用暈船藥。\r\n2. 海上風浪較大，請勿在甲板上奔跑嬉戲。\r\n3. 觀察鯨豚時請保持安靜，勿拍打船身驚嚇動物。\r\n4. 請協助填寫觀測紀錄表，包含GPS定位與垃圾種類。\r\n5. 請自備望遠鏡與相機。', '宜蘭縣頭城鎮龜山島海域', '東部', 'act_69876ed90cdd3.jpeg', '2026-04-11 09:00:00', '2026-04-11 12:00:00', 20, 20, '2026-04-10 23:59:59', '1', 'admin001', '2026-02-08 00:56:57'),
(24, '2025 淡水沙崙海灘淨灘', 1, '沙崙海灘曾是海水浴場，如今需要大家守護。志工將進行地毯式搜索，清除沙灘裡細小的塑膠微粒與菸蒂，還給沙灘潔白的樣貌。', '1. 請攜帶篩網或濾網，以利過濾沙中的細小垃圾。\r\n2. 沙灘無遮蔽，請務必做好防曬與補水。\r\n3. 若發現營火殘餘物，請確定熄滅後再清理。\r\n4. 菸蒂與微塑膠請集中裝入特定容器。\r\n5. 活動範圍請勿超過警戒線，以免發生危險。', '新北市淡水區沙崙海灘', '北部', 'act_69876ee419231.jpeg', '2026-04-12 09:00:00', '2026-04-12 12:00:00', 9, 4, '2026-04-11 23:59:59', '1', 'admin001', '2026-02-08 00:57:08'),
(25, '2025 北海岸季前生態巡護', 3, '在夏季戲水人潮湧入前，先行巡視北海岸各重要生態熱點。檢視環境狀況，設置保育解說牌，為即將到來的旅遊旺季做好環境把關。', '1. 需長時間徒步巡視，請穿著舒適的健走鞋。\r\n2. 協助檢查現有解說牌是否損壞或褪色。\r\n3. 若發現非法設置的網具，請定位並通報，切勿自行拆除。\r\n4. 沿途若見垃圾請隨手撿起。\r\n5. 請自備午餐與行動糧。', '新北市金山區中角灣', '北部', 'act_69876efa743b3.jpeg', '2026-04-18 09:00:00', '2026-04-18 12:00:00', 10, 5, '2026-04-17 23:59:59', '1', 'admin001', '2026-02-08 00:57:30'),
(26, '2025 新竹南寮漁港淨灘', 1, '風城之下的淨灘行動。重點清理漁港周邊的廢棄漁網與漂流木，並宣導垃圾不落海的觀念。適合全家大小一同參與。', '1. 港區風勢強勁，請穿著保暖防風衣物。\r\n2. 清理漁網時請戴手套，避免被魚鉤刺傷。\r\n3. 請勿靠近堤防邊緣或危險區域。\r\n4. 漂流木體積較大，請量力搬運。\r\n5. 活動結束後可至漁港享用海鮮（自費）。', '新竹市北區南寮漁港', '北部', 'act_69876f130a8ee.jpeg', '2026-05-02 09:00:00', '2026-05-02 12:00:00', 5, 0, '2026-05-01 23:59:59', '1', 'admin001', '2026-02-08 00:57:55'),
(27, '2025 海巡署海洋巡護體驗', 3, '與海巡弟兄一同出勤！登上巡邏艇，實際體驗海域執法與海洋保育工作。了解政府單位在第一線如何打擊非法捕撈與海洋污染。', '1. 需查驗身分證件，請務必攜帶並妥善保管。\r\n2. 登船前請穿著救生衣，並全程遵守教官指示。\r\n3. 船上空間有限，請勿攜帶大型背包。\r\n4. 禁止對海巡設施或雷達螢幕拍照。\r\n5. 容易暈船者請事先服用藥物。', '高雄市鼓山區海巡署第五岸巡隊', '南部', 'act_69876f2b1d1b0.jpeg', '2026-05-09 09:00:00', '2026-05-09 12:00:00', 5, 0, '2026-05-08 23:59:59', '1', 'admin001', '2026-02-08 00:58:19'),
(28, '2025 花蓮石梯坪海岸淨灘', 1, '在世界級的地質景觀中進行淨灘。清除卡在壺穴與單面山岩石間的垃圾，保護這片獨特的海岸地貌，讓世界看見台灣的美。', '1. 岩石地形高低起伏大，請務必穿著防滑鞋。\r\n2. 請勿破壞或帶走當地的岩石與化石。\r\n3. 清理壺穴垃圾時請小心，避免跌落或受困。\r\n4. 東部紫外線強烈，請做好防曬。\r\n5. 垃圾需搬運至停車場集中，請預留體力。', '花蓮縣豐濱鄉石梯坪', '東部', 'act_69876f3e20d2c.jpeg', '2026-05-17 09:00:00', '2026-05-17 12:00:00', 8, 3, '2026-05-16 23:59:59', '1', 'admin001', '2026-02-08 00:58:38'),
(29, '2026 綠島柴口浮潛區夜間生態與垃圾巡查', 2, '柴口是綠島熱門的浮潛點，夜間潮間帶生態豐富。但遊客遺留的垃圾常在漲潮後流入海洋。本次活動將在退潮時段進行，巡查潮間帶生物狀況，並清理卡在礁岩縫隙中的垃圾。我們會特別關注是否有被釣線纏繞的生物，並進行即時解救。這是在星空與海浪聲中的神聖任務，讓我們用雙手撫平人類對海洋造成的傷痕，還給綠島海底生物一個安全的家。', '1. 柴口步道濕滑，請務必穿著防滑膠鞋。夜間潮間帶坑洞多，請留意腳步。\r\n2. 清理礁岩垃圾時請戴手套，小心海膽刺傷。\r\n3. 請自備頭燈（紅光模式佳）。活動中請勿採集任何生物。\r\n4. 活動包含保險，請確實填寫資料。集合地點為柴口浮潛區涼亭。請自備機車前往。', '台東縣綠島鄉柴口', '離島', 'act_69876f526ca4b.jpeg', '2026-05-30 20:00:00', '2026-05-30 23:00:00', 15, 0, '2026-05-25 23:59:59', '1', 'admin001', '2026-02-08 00:58:58'),
(30, '2026 雲林箔子寮漁港夜間巡守', 2, '廢棄漁網是海洋生物的隱形殺手。雲林沿海多牡蠣養殖，夜間常有廢棄蚵架與漁網漂流上岸。本次巡守將沿著箔子寮海岸線，搜尋並標記大型廢棄漁具的位置。我們不直接進行清理（因重量過重），而是利用 GPS 定位與拍照，通報給相關單位進行後續機具移除。同時，我們也會巡視是否有受困於網中的海龜或水鳥。這是一項建立「海洋廢棄物地圖」的重要基礎工作，需要細心與耐心的您來參與。', '1. 沙灘上多廢棄竹竿與鐵絲，請穿著厚底鞋與長褲，以免穿刺受傷。\r\n2. 夜間視線不佳，請務必攜帶強力手電筒。標記漁網時請勿冒險涉水，僅需記錄岸上部分。\r\n3. 若發現受困活體動物，請評估安全性後再行解救，或通報 118。\r\n4. 請自備智慧型手機以利定位。', '雲林縣四湖鄉箔子寮漁港', '中部', 'act_69876f64b58ef.jpeg', '2026-06-13 19:00:00', '2026-06-13 22:00:00', 10, 0, '2026-06-10 23:59:59', '1', 'admin001', '2026-02-08 00:59:16');

-- --------------------------------------------------------

--
-- 資料表結構 `ACTIVITY_CATEGORIES`
--

CREATE TABLE `ACTIVITY_CATEGORIES` (
  `CATEGORY_ID` int(11) NOT NULL COMMENT '活動種類編號 (PK)',
  `CATEGORY_VALUE` varchar(50) NOT NULL COMMENT '活動種類名稱'
) ENGINE=InnoDB DEFAULT CHARSET=utf8mb4;

--
-- 傾印資料表的資料 `ACTIVITY_CATEGORIES`
--

INSERT INTO `ACTIVITY_CATEGORIES` (`CATEGORY_ID`, `CATEGORY_VALUE`) VALUES
(1, '淨灘'),
(2, '巡守'),
(3, '照護');

-- --------------------------------------------------------

--
-- 資料表結構 `ACTIVITY_PHOTOS`
--

CREATE TABLE `ACTIVITY_PHOTOS` (
  `PHOTO_ID` int(11) NOT NULL COMMENT '照片編號',
  `ACTIVITY_ID` int(11) NOT NULL COMMENT '活動編號',
  `PHOTO_URL` varchar(255) COLLATE utf8mb4_unicode_ci NOT NULL COMMENT '照片路徑 (檔名)',
  `DESCRIPTION` varchar(255) COLLATE utf8mb4_unicode_ci DEFAULT NULL COMMENT '照片描述 (可選)',
  `IS_COVER` tinyint(1) NOT NULL DEFAULT '0' COMMENT '是否為封面圖 (1:是, 0:否)',
  `CREATED_AT` datetime DEFAULT CURRENT_TIMESTAMP COMMENT '上傳時間'
) ENGINE=InnoDB DEFAULT CHARSET=utf8mb4 COLLATE=utf8mb4_unicode_ci COMMENT='活動成果照片表';

--
-- 傾印資料表的資料 `activity_photos`
--

INSERT INTO `ACTIVITY_PHOTOS` (`PHOTO_ID`, `ACTIVITY_ID`, `PHOTO_URL`, `DESCRIPTION`, `IS_COVER`, `CREATED_AT`) VALUES
(1, 1, 'res_69860a8188f3d.jpeg', NULL, 0, '2026-02-06 23:36:33'),
(2, 1, 'res_69860a81896be.jpeg', NULL, 0, '2026-02-06 23:36:33'),
(3, 1, 'res_69860a8189d8d.jpeg', NULL, 0, '2026-02-06 23:36:33'),
(4, 2, 'res_69860b5bacbe5.jpeg', NULL, 0, '2026-02-06 23:40:11'),
(5, 2, 'res_69860b5bad163.jpeg', NULL, 0, '2026-02-06 23:40:11'),
(6, 2, 'res_69860b5bad5de.jpeg', NULL, 0, '2026-02-06 23:40:11'),
(7, 3, 'res_69860bae5b489.jpeg', NULL, 0, '2026-02-06 23:41:34'),
(8, 3, 'res_69860bae5b924.jpeg', NULL, 0, '2026-02-06 23:41:34'),
(9, 3, 'res_69860bae5be98.jpeg', NULL, 0, '2026-02-06 23:41:34'),
(10, 3, 'res_69860bae5c451.jpeg', NULL, 0, '2026-02-06 23:41:34'),
(11, 3, 'res_69860bae5c9f0.jpeg', NULL, 0, '2026-02-06 23:41:34'),
(13, 4, 'res_69860c0b6b09b.png', NULL, 0, '2026-02-06 23:43:07'),
(15, 4, 'res_69860c0b6b639.png', NULL, 0, '2026-02-06 23:43:07'),
(16, 5, 'res_69860c4025a34.png', NULL, 0, '2026-02-06 23:44:00'),
(17, 5, 'res_69860c402600e.png', NULL, 0, '2026-02-06 23:44:00'),
(18, 5, 'res_69860c4026624.png', NULL, 0, '2026-02-06 23:44:00'),
(19, 5, 'res_69860c4026b06.png', NULL, 0, '2026-02-06 23:44:00'),
(20, 6, 'res_69860d481e4fc.jpeg', NULL, 0, '2026-02-06 23:48:24'),
(21, 6, 'res_69860d481eaff.jpeg', NULL, 0, '2026-02-06 23:48:24'),
(22, 6, 'res_69860d481ee15.jpeg', NULL, 0, '2026-02-06 23:48:24'),
(23, 6, 'res_69860d481f0f6.jpeg', NULL, 0, '2026-02-06 23:48:24'),
(24, 4, 'res_69860ec109307.jpeg', NULL, 0, '2026-02-06 23:54:41'),
(25, 4, 'res_69860ec109797.jpeg', NULL, 0, '2026-02-06 23:54:41'),
(26, 14, 'res_69876c041a7d5.jpeg', NULL, 0, '2026-02-08 00:44:52'),
(27, 14, 'res_69876c041ae33.jpeg', NULL, 0, '2026-02-08 00:44:52'),
(28, 10, 'res_69876c1d6e1a0.jpeg', NULL, 0, '2026-02-08 00:45:17'),
(29, 10, 'res_69876c1d6ea10.jpeg', NULL, 0, '2026-02-08 00:45:17'),
(30, 10, 'res_69876c1d70fed.jpeg', NULL, 0, '2026-02-08 00:45:17'),
(31, 8, 'res_69876c3319655.jpeg', NULL, 0, '2026-02-08 00:45:39'),
(32, 8, 'res_69876c3319caa.jpeg', NULL, 0, '2026-02-08 00:45:39'),
(33, 8, 'res_69876c331a161.jpeg', NULL, 0, '2026-02-08 00:45:39'),
(34, 15, 'res_69876cee800b5.jpeg', NULL, 0, '2026-02-08 00:48:46'),
(35, 15, 'res_69876cee803f0.jpeg', NULL, 0, '2026-02-08 00:48:46'),
(36, 15, 'res_69876cee8074a.jpeg', NULL, 0, '2026-02-08 00:48:46'),
(37, 16, 'res_69876d7232b6c.jpeg', NULL, 0, '2026-02-08 00:50:58'),
(38, 16, 'res_69876d7233235.jpeg', NULL, 0, '2026-02-08 00:50:58'),
(39, 16, 'res_69876d7233832.jpeg', NULL, 0, '2026-02-08 00:50:58'),
(40, 16, 'res_69876d7233b6b.jpeg', NULL, 0, '2026-02-08 00:50:58'),
(41, 17, 'res_69876dfd5b0b4.jpeg', NULL, 0, '2026-02-08 00:53:17'),
(42, 17, 'res_69876dfd5b472.jpeg', NULL, 0, '2026-02-08 00:53:17'),
(43, 17, 'res_69876dfd5b771.jpeg', NULL, 0, '2026-02-08 00:53:17'),
(44, 18, 'res_69876e46224e8.jpeg', NULL, 0, '2026-02-08 00:54:30'),
(45, 18, 'res_69876e4622bae.jpeg', NULL, 0, '2026-02-08 00:54:30'),
(46, 18, 'res_69876e462365c.jpeg', NULL, 0, '2026-02-08 00:54:30'),
(47, 19, 'res_69876e9038557.jpeg', NULL, 0, '2026-02-08 00:55:44'),
(48, 19, 'res_69876e9038cbf.jpeg', NULL, 0, '2026-02-08 00:55:44'),
(49, 19, 'res_69876e903906f.jpeg', NULL, 0, '2026-02-08 00:55:44'),
(50, 7, 'res_69876f9eac9e5.jpeg', NULL, 0, '2026-02-08 01:00:14'),
(51, 7, 'res_69876f9ead320.jpeg', NULL, 0, '2026-02-08 01:00:14'),
(52, 7, 'res_69876f9eadb65.jpeg', NULL, 0, '2026-02-08 01:00:14'),
(53, 9, 'res_69876fc5bc913.jpeg', NULL, 0, '2026-02-08 01:00:53'),
(54, 9, 'res_69876fc5bce9e.jpeg', NULL, 0, '2026-02-08 01:00:53'),
(55, 9, 'res_69876fc5bd16a.jpeg', NULL, 0, '2026-02-08 01:00:53'),
(56, 11, 'res_69877024f1ec6.png', NULL, 0, '2026-02-08 01:02:28'),
(57, 11, 'res_69877024f256f.png', NULL, 0, '2026-02-08 01:02:28'),
(58, 11, 'res_69877024f2935.png', NULL, 0, '2026-02-08 01:02:28'),
(59, 11, 'res_69877024f2e85.png', NULL, 0, '2026-02-08 01:02:28'),
(60, 12, 'res_69877036a2161.jpeg', NULL, 0, '2026-02-08 01:02:46'),
(61, 12, 'res_69877036a24b7.jpeg', NULL, 0, '2026-02-08 01:02:46'),
(62, 13, 'res_698770505b7ef.jpeg', NULL, 0, '2026-02-08 01:03:12'),
(63, 13, 'res_698770505bb61.png', NULL, 0, '2026-02-08 01:03:12');


-- --------------------------------------------------------

--
-- 資料表結構 `ACTIVITY_RESULTS`
--

CREATE TABLE `ACTIVITY_RESULTS` (
  `RESULT_ID` int(11) NOT NULL COMMENT '成果編號',
  `ACTIVITY_ID` int(11) NOT NULL COMMENT '活動編號',
  `METRIC_ID` int(11) NOT NULL COMMENT '成果定義編號 (1-4:淨灘, 5-8:巡守, 9-12:照護)',
  `VALUE` varchar(255) COLLATE utf8mb4_unicode_ci NOT NULL COMMENT '成果數值 (重量/數量/品種等)',
  `CREATED_AT` datetime DEFAULT CURRENT_TIMESTAMP COMMENT '建立時間'
) ENGINE=InnoDB DEFAULT CHARSET=utf8mb4 COLLATE=utf8mb4_unicode_ci COMMENT='活動成果數據表';

--
-- 傾印資料表的資料 `ACTIVITY_RESULTS`
--

INSERT INTO `ACTIVITY_RESULTS` (`RESULT_ID`, `ACTIVITY_ID`, `METRIC_ID`, `VALUE`, `CREATED_AT`) VALUES
(1, 1, 9, '5', '2024-03-10 17:00:00'),
(2, 1, 10, '12.5', '2024-03-10 17:00:00'),
(3, 1, 11, '3', '2024-03-10 17:00:00'),
(4, 1, 12, '6', '2024-03-10 17:00:00'),
(5, 2, 9, '1', '2024-04-14 18:00:00'),
(6, 2, 12, '3', '2024-04-14 18:00:00'),
(7, 3, 1, '285.5', '2024-04-15 13:00:00'),
(8, 3, 2, '32', '2024-04-15 13:00:00'),
(9, 3, 3, '15', '2024-04-15 13:00:00'),
(10, 3, 4, '420', '2024-04-15 13:00:00'),
(11, 4, 9, '2', '2024-05-05 17:00:00'),
(12, 4, 12, '3', '2024-05-05 17:00:00'),
(13, 5, 5, '3', '2024-05-16 03:00:00'),
(14, 5, 6, '1', '2024-05-16 03:00:00'),
(15, 5, 7, '1', '2024-05-16 03:00:00'),
(16, 5, 8, '綠蠵龜', '2024-05-16 03:00:00'),
(17, 6, 1, '150.2', '2024-05-20 18:00:00'),
(18, 6, 2, '20', '2024-05-20 18:00:00'),
(19, 6, 3, '8', '2024-05-20 18:00:00'),
(20, 6, 4, '150', '2024-05-20 18:00:00'),
(21, 7, 1, '420.0', '2024-06-08 14:00:00'),
(22, 7, 2, '55', '2024-06-08 14:00:00'),
(23, 7, 3, '25', '2024-06-08 14:00:00'),
(24, 7, 4, '600', '2024-06-08 14:00:00'),
(25, 8, 5, '2', '2024-06-10 23:30:00'),
(26, 8, 6, '1', '2024-06-10 23:30:00'),
(27, 8, 7, '1', '2024-06-10 23:30:00'),
(28, 8, 8, '綠蠵龜', '2024-06-10 23:30:00'),
(29, 9, 9, '10', '2024-06-15 13:00:00'),
(30, 9, 10, '6', '2024-06-15 13:00:00'),
(31, 9, 11, '4', '2024-06-15 13:00:00'),
(32, 9, 12, '3', '2024-06-15 13:00:00');

-- --------------------------------------------------------

--
-- 資料表結構 `ACTIVITY_REVIEWS`
--

CREATE TABLE `ACTIVITY_REVIEWS` (
  `REVIEW_ID` int(11) NOT NULL AUTO_INCREMENT COMMENT '心得編號',
  `USER_ID` int(11) NOT NULL COMMENT '會員編號',
  `ACTIVITY_ID` int(11) NOT NULL COMMENT '活動編號',
  `RATING` int(1) NOT NULL DEFAULT '5' COMMENT '評分 (1-5)',
  `CONTENT` text COLLATE utf8mb4_unicode_ci NOT NULL COMMENT '心得內容',
  `IS_VISIBLE` tinyint(1) NOT NULL DEFAULT '1' COMMENT '是否顯示 (1:顯示, 0:隱藏)',
  `LIKE_COUNT` int(11) NOT NULL DEFAULT '0' COMMENT '按讚數',
  `CREATED_AT` datetime DEFAULT CURRENT_TIMESTAMP COMMENT '留言時間',
  PRIMARY KEY (`REVIEW_ID`), 
  KEY `IDX_ACTIVITY_ID` (`ACTIVITY_ID`),
  KEY `IDX_USER_ID` (`USER_ID`)
) ENGINE=InnoDB DEFAULT CHARSET=utf8mb4 COLLATE=utf8mb4_unicode_ci COMMENT='活動心得留言表';

--
-- 傾印資料表的資料 `ACTIVITY_REVIEWS`
--

INSERT INTO `ACTIVITY_REVIEWS` (`USER_ID`, `ACTIVITY_ID`, `RATING`, `CONTENT`, `IS_VISIBLE`, `LIKE_COUNT`, `CREATED_AT`) VALUES
-- 活動 1 (已結束)
(9, 1, 4, '天氣很熱，但看到環境變乾淨很值得。', 1, 33, '2024-03-25 12:31:00'),
(22, 1, 5, '希望能持續舉辦這樣的活動，讓環境更好。 👍', 1, 39, '2024-03-13 11:24:00'),
(10, 1, 5, '撿了很多保麗龍，真的清理不完，嘆氣。', 1, 46, '2024-03-10 13:38:00'),
(20, 1, 4, '海龜超可愛！希望能平安長大。', 1, 10, '2024-03-24 08:10:00'),
(28, 1, 3, '希望能持續舉辦這樣的活動，讓環境更好。', 1, 25, '2024-03-12 11:02:00'),
(16, 1, 5, '工作人員很親切，解說非常詳細。 👍', 1, 23, '2024-03-19 08:23:00'),
(14, 1, 5, '雖然路途遙遠，但看到美景一切都值得了。', 1, 23, '2024-03-19 08:52:00'),
(3, 1, 5, '雖然很累，但心靈很富足，感謝主辦單位。 👍', 1, 19, '2024-03-03 20:46:00'),
(21, 1, 5, '補給品準備得很周到，動線安排也很順暢。', 1, 15, '2024-03-26 21:52:00'),
(13, 1, 4, '希望能有更多人加入志工行列，一起守護海洋。', 1, 5, '2024-03-14 20:54:00'),

-- 活動 2 (已結束)
(7, 2, 4, '為了下一代，我們需要做更多。 👍', 1, 38, '2024-03-18 09:44:00'),
(3, 2, 4, '很有教育意義的活動，非常適合帶小孩來體驗。', 1, 8, '2024-03-19 18:30:00'),
(6, 2, 3, '工作人員很親切，解說非常詳細。', 1, 42, '2024-03-17 13:32:00'),
(25, 2, 5, '看到這麼多垃圾真的很心痛，大家真的要從源頭減塑！', 1, 20, '2024-03-01 11:10:00'),
(5, 2, 4, '撿了很多保麗龍，真的清理不完，嘆氣。 👍', 1, 17, '2024-03-19 11:33:00'),
(18, 2, 4, '很棒的體驗，會推薦給朋友。', 1, 9, '2024-03-06 19:37:00'),
(24, 2, 5, '補給品準備得很周到，動線安排也很順暢。', 1, 44, '2024-03-27 08:33:00'),
(1, 2, 5, '撿了很多保麗龍，真的清理不完，嘆氣。', 1, 0, '2024-03-27 15:53:00'),
(30, 2, 5, '希望能持續舉辦這樣的活動，讓環境更好。 👍', 1, 22, '2024-03-24 18:27:00'),
(19, 2, 5, '雖然路途遙遠，但看到美景一切都值得了。 👍', 1, 44, '2024-03-22 13:48:00'),

-- 活動 3 (已結束)
(23, 3, 5, '認識了很多志同道合的朋友，大家都很熱血。', 1, 21, '2024-04-01 13:38:00'),
(28, 3, 5, '工作人員很親切，解說非常詳細。', 1, 32, '2024-04-22 22:02:00'),
(11, 3, 5, '為了下一代，我們需要做更多。', 1, 7, '2024-04-15 13:56:00'),
(7, 3, 5, '為了下一代，我們需要做更多。', 1, 49, '2024-04-06 12:08:00'),
(30, 3, 5, '天氣很熱，但看到環境變乾淨很值得。 👍', 1, 49, '2024-04-10 21:10:00'),
(4, 3, 5, '很有教育意義的活動，非常適合帶小孩來體驗。 👍', 1, 3, '2024-04-22 12:55:00'),
(25, 3, 5, '志工訓練很紮實，學到很多急救技巧。', 1, 42, '2024-04-19 09:38:00'),
(14, 3, 5, '很有教育意義的活動，非常適合帶小孩來體驗。 👍', 1, 14, '2024-04-10 16:54:00'),
(19, 3, 5, '下次一定還要再來報名！', 1, 3, '2024-04-10 09:41:00'),
(27, 3, 5, '工作人員很親切，解說非常詳細。', 1, 4, '2024-04-22 12:04:00'),

-- 活動 4 (已結束)
(5, 4, 5, '很有教育意義的活動，非常適合帶小孩來體驗。 👍', 1, 36, '2024-04-19 15:32:00'),
(1, 4, 5, '海龜超可愛！希望能平安長大。 👍', 1, 12, '2024-04-15 11:44:00'),
(12, 4, 5, '補給品準備得很周到，動線安排也很順暢。', 1, 1, '2024-04-21 16:04:00'),
(9, 4, 3, '主辦單位很用心，活動流程控制得很好。 👍', 1, 14, '2024-04-22 08:52:00'),
(22, 4, 4, '認識了很多志同道合的朋友，大家都很熱血。 👍', 1, 14, '2024-04-07 18:29:00'),
(3, 4, 5, '撿了很多保麗龍，真的清理不完，嘆氣。', 1, 32, '2024-04-21 09:01:00'),
(6, 4, 4, '希望能有更多人加入志工行列，一起守護海洋。', 1, 43, '2024-04-27 19:29:00'),
(18, 4, 5, '志工訓練很紮實，學到很多急救技巧。 👍', 1, 25, '2024-04-22 15:19:00'),
(20, 4, 4, '海龜超可愛！希望能平安長大。 👍', 1, 19, '2024-04-12 16:53:00'),
(15, 4, 5, '海龜超可愛！希望能平安長大。 👍', 1, 46, '2024-04-05 10:35:00'),

-- 活動 5 (已結束)
(13, 5, 5, '天氣很熱，但看到環境變乾淨很值得。', 1, 30, '2024-05-01 14:18:00'),
(5, 5, 5, '很有教育意義的活動，非常適合帶小孩來體驗。 👍', 1, 21, '2024-05-13 13:46:00'),
(18, 5, 3, '認識了很多志同道合的朋友，大家都很熱血。', 1, 27, '2024-05-10 19:21:00'),
(6, 5, 5, '天氣很熱，但看到環境變乾淨很值得。 👍', 1, 10, '2024-05-21 20:11:00'),
(27, 5, 5, '雖然路途遙遠，但看到美景一切都值得了。 👍', 1, 4, '2024-05-26 12:50:00'),
(19, 5, 3, '很棒的體驗，會推薦給朋友。', 1, 15, '2024-05-19 18:42:00'),
(16, 5, 5, '雖然路途遙遠，但看到美景一切都值得了。 👍', 1, 1, '2024-05-12 15:54:00'),
(12, 5, 4, '下次一定還要再來報名！ 👍', 1, 1, '2024-05-20 08:04:00'),
(24, 5, 5, '撿了很多保麗龍，真的清理不完，嘆氣。', 1, 25, '2024-05-27 22:26:00'),
(23, 5, 5, '希望能持續舉辦這樣的活動，讓環境更好。', 1, 49, '2024-05-05 13:08:00'),

-- 活動 6 (已結束)
(28, 6, 5, '志工訓練很紮實，學到很多急救技巧。 👍', 1, 16, '2024-05-28 12:10:00'),
(4, 6, 4, '希望能有更多人加入志工行列，一起守護海洋。', 1, 25, '2024-05-03 12:12:00'),
(11, 6, 3, '希望能有更多人加入志工行列，一起守護海洋。', 1, 50, '2024-05-14 19:18:00'),
(13, 6, 3, '學到很多關於海洋保育的知識，覺得不虛此行。 👍', 1, 20, '2024-05-14 09:52:00'),
(6, 6, 5, '天氣很熱，但看到環境變乾淨很值得。', 1, 48, '2024-05-21 22:09:00'),
(18, 6, 4, '希望能有更多人加入志工行列，一起守護海洋。', 1, 26, '2024-05-25 19:49:00'),
(17, 6, 5, '第一次參加這種活動，印象非常深刻，推推！', 1, 0, '2024-05-02 22:47:00'),
(15, 6, 5, '希望能有更多人加入志工行列，一起守護海洋。', 1, 12, '2024-05-01 21:49:00'),
(19, 6, 4, '活動很有意義，下次還想參加！', 1, 7, '2024-05-17 16:06:00'),
(25, 6, 3, '很棒的體驗，會推薦給朋友。 👍', 1, 32, '2024-05-10 12:45:00'),

-- 活動 7 (已結束)
(10, 7, 3, '志工訓練很紮實，學到很多急救技巧。', 1, 26, '2024-05-10 12:56:00'),
(3, 7, 5, '很有教育意義的活動，非常適合帶小孩來體驗。', 1, 10, '2024-05-10 10:24:00'),
(8, 7, 5, '補給品準備得很周到，動線安排也很順暢。', 1, 23, '2024-05-13 13:27:00'),
(15, 7, 5, '為了下一代，我們需要做更多。', 1, 34, '2024-05-15 20:48:00'),
(18, 7, 4, '撿了很多保麗龍，真的清理不完，嘆氣。', 1, 5, '2024-05-15 22:53:00'),
(24, 7, 4, '雖然很累，但心靈很富足，感謝主辦單位。', 1, 25, '2024-05-10 09:33:00'),
(26, 7, 3, '為了下一代，我們需要做更多。', 1, 23, '2024-05-14 08:35:00'),
(23, 7, 5, '認識了很多志同道合的朋友，大家都很熱血。', 1, 42, '2024-05-20 14:56:00'),
(14, 7, 5, '看到這麼多垃圾真的很心痛，大家真的要從源頭減塑！ 👍', 1, 39, '2024-05-14 10:58:00'),
(19, 7, 5, '主辦單位很用心，活動流程控制得很好。 👍', 1, 27, '2024-05-01 10:59:00'),

-- 活動 8 (已結束)
(3, 8, 5, '主辦單位很用心，活動流程控制得很好。', 1, 15, '2024-06-10 22:52:00'),
(11, 8, 5, '很有教育意義的活動，非常適合帶小孩來體驗。 👍', 1, 27, '2024-06-02 09:00:00'),
(18, 8, 4, '活動很有意義，下次還想參加！', 1, 0, '2024-06-12 20:19:00'),
(19, 8, 5, '雖然很累，但心靈很富足，感謝主辦單位。', 1, 19, '2024-06-09 11:50:00'),
(26, 8, 5, '撿了很多保麗龍，真的清理不完，嘆氣。 👍', 1, 45, '2024-06-16 21:10:00'),
(2, 8, 5, '志工訓練很紮實，學到很多急救技巧。 👍', 1, 3, '2024-06-17 15:15:00'),
(23, 8, 5, '希望能有更多人加入志工行列，一起守護海洋。', 1, 42, '2024-06-28 08:30:00'),
(28, 8, 5, '志工訓練很紮實，學到很多急救技巧。 👍', 1, 37, '2024-06-27 22:52:00'),
(29, 8, 5, '雖然路途遙遠，但看到美景一切都值得了。', 1, 35, '2024-06-07 20:56:00'),
(15, 8, 5, '雖然很累，但心靈很富足，感謝主辦單位。 👍', 1, 43, '2024-06-12 16:25:00'),

-- 活動 9 (已結束)
(27, 9, 5, '撿了很多保麗龍，真的清理不完，嘆氣。 👍', 1, 35, '2024-06-21 14:35:00'),
(11, 9, 5, '為了下一代，我們需要做更多。', 1, 37, '2024-06-15 17:48:00'),
(19, 9, 5, '志工訓練很紮實，學到很多急救技巧。', 1, 24, '2024-06-11 16:29:00'),
(17, 9, 4, '雖然路途遙遠，但看到美景一切都值得了。 👍', 1, 9, '2024-06-13 17:11:00'),
(9, 9, 5, '天氣很熱，但看到環境變乾淨很值得。 👍', 1, 32, '2024-06-12 22:17:00'),
(24, 9, 5, '下次一定還要再來報名！ 👍', 1, 6, '2024-06-25 22:20:00'),
(3, 9, 5, '雖然路途遙遠，但看到美景一切都值得了。', 1, 6, '2024-06-19 16:49:00'),
(6, 9, 5, '天氣很熱，但看到環境變乾淨很值得。', 1, 37, '2024-06-04 22:10:00'),
(21, 9, 4, '希望能有更多人加入志工行列，一起守護海洋。 👍', 1, 18, '2024-06-26 21:12:00'),
(28, 9, 5, '下次一定還要再來報名！ 👍', 1, 44, '2024-06-15 17:15:00'),

-- 活動 10 (已結束)
(11, 10, 5, '認識了很多志同道合的朋友，大家都很熱血。 👍', 1, 47, '2024-07-11 15:44:00'),
(13, 10, 5, '認識了很多志同道合的朋友，大家都很熱血。 👍', 1, 45, '2024-07-23 21:08:00'),
(28, 10, 4, '希望能有更多人加入志工行列，一起守護海洋。 👍', 1, 16, '2024-07-13 10:52:00'),
(19, 10, 5, '為了下一代，我們需要做更多。', 1, 27, '2024-07-19 18:54:00'),
(10, 10, 5, '很有教育意義的活動，非常適合帶小孩來體驗。 👍', 1, 34, '2024-07-23 20:07:00'),
(18, 10, 4, '補給品準備得很周到，動線安排也很順暢。', 1, 22, '2024-07-07 08:10:00'),
(15, 10, 4, '第一次參加這種活動，印象非常深刻，推推！ 👍', 1, 31, '2024-07-23 08:08:00'),
(6, 10, 5, '雖然很累，但心靈很富足，感謝主辦單位。 👍', 1, 36, '2024-07-26 13:59:00'),
(16, 10, 5, '下次一定還要再來報名！', 1, 47, '2024-07-11 10:08:00'),
(12, 10, 5, '很棒的體驗，會推薦給朋友。', 1, 24, '2024-07-14 19:45:00'),

-- 活動 11 (已結束)
(21, 11, 5, '希望能持續舉辦這樣的活動，讓環境更好。 👍', 1, 50, '2024-07-11 10:26:00'),
(24, 11, 4, '天氣很熱，但看到環境變乾淨很值得。', 1, 50, '2024-07-12 13:16:00'),
(11, 11, 4, '第一次參加這種活動，印象非常深刻，推推！', 1, 29, '2024-07-04 11:54:00'),
(10, 11, 5, '撿了很多保麗龍，真的清理不完，嘆氣。', 1, 21, '2024-07-08 19:39:00'),
(22, 11, 5, '很棒的體驗，會推薦給朋友。 👍', 1, 17, '2024-07-02 14:07:00'),
(25, 11, 5, '下次一定還要再來報名！ 👍', 1, 28, '2024-07-23 21:47:00'),
(20, 11, 5, '第一次參加這種活動，印象非常深刻，推推！ 👍', 1, 21, '2024-07-13 08:53:00'),
(7, 11, 5, '志工訓練很紮實，學到很多急救技巧。', 1, 49, '2024-07-09 22:58:00'),
(16, 11, 5, '撿了很多保麗龍，真的清理不完，嘆氣。 👍', 1, 16, '2024-07-14 15:18:00'),
(15, 11, 5, '雖然路途遙遠，但看到美景一切都值得了。', 1, 15, '2024-07-28 08:38:00'),

-- 活動 12 (已結束)
(17, 12, 5, '希望能有更多人加入志工行列，一起守護海洋。', 1, 20, '2024-07-06 22:26:00'),
(19, 12, 5, '撿了很多保麗龍，真的清理不完，嘆氣。', 1, 24, '2024-07-10 18:46:00'),
(24, 12, 5, '天氣很熱，但看到環境變乾淨很值得。 👍', 1, 40, '2024-07-06 10:33:00'),
(10, 12, 5, '為了下一代，我們需要做更多。 👍', 1, 4, '2024-07-21 15:04:00'),
(7, 12, 3, '海龜超可愛！希望能平安長大。', 1, 42, '2024-07-09 08:53:00'),
(8, 12, 5, '很有教育意義的活動，非常適合帶小孩來體驗。 👍', 1, 40, '2024-07-02 19:07:00'),
(12, 12, 5, '雖然很累，但心靈很富足，感謝主辦單位。', 1, 46, '2024-07-27 21:54:00'),
(27, 12, 5, '雖然路途遙遠，但看到美景一切都值得了。', 1, 33, '2024-07-10 13:19:00'),
(5, 12, 3, '看到這麼多垃圾真的很心痛，大家真的要從源頭減塑！ 👍', 1, 37, '2024-07-09 21:02:00'),
(4, 12, 5, '工作人員很親切，解說非常詳細。', 1, 24, '2024-07-26 14:09:00'),

-- 活動 13 (已結束)
(16, 13, 3, '第一次參加這種活動，印象非常深刻，推推！ 👍', 1, 50, '2024-08-28 12:47:00'),
(2, 13, 5, '工作人員很親切，解說非常詳細。 👍', 1, 44, '2024-08-25 15:49:00'),
(14, 13, 4, '很棒的體驗，會推薦給朋友。', 1, 48, '2024-08-19 21:40:00'),
(21, 13, 5, '補給品準備得很周到，動線安排也很順暢。 👍', 1, 41, '2024-08-25 14:24:00'),
(3, 13, 5, '活動很有意義，下次還想參加！ 👍', 1, 43, '2024-08-14 11:55:00'),
(13, 13, 5, '補給品準備得很周到，動線安排也很順暢。 👍', 1, 23, '2024-08-05 22:01:00'),
(28, 13, 5, '天氣很熱，但看到環境變乾淨很值得。 👍', 1, 47, '2024-08-17 12:45:00'),
(29, 13, 4, '工作人員很親切，解說非常詳細。 👍', 1, 46, '2024-08-14 14:04:00'),
(12, 13, 3, '很棒的體驗，會推薦給朋友。 👍', 1, 46, '2024-08-15 11:40:00'),
(1, 13, 5, '很有教育意義的活動，非常適合帶小孩來體驗。', 1, 0, '2024-08-13 11:46:00'),

-- 活動 14 (已結束)
(20, 14, 5, '主辦單位很用心，活動流程控制得很好。 👍', 1, 14, '2024-08-06 21:49:00'),
(28, 14, 4, '下次一定還要再來報名！', 1, 34, '2024-08-14 15:43:00'),
(19, 14, 3, '志工訓練很紮實，學到很多急救技巧。', 1, 37, '2024-08-14 10:34:00'),
(17, 14, 5, '下次一定還要再來報名！ 👍', 1, 7, '2024-08-04 10:07:00'),
(11, 14, 4, '天氣很熱，但看到環境變乾淨很值得。', 1, 11, '2024-08-02 08:22:00'),
(25, 14, 5, '很有教育意義的活動，非常適合帶小孩來體驗。', 1, 44, '2024-08-17 09:00:00'),
(13, 14, 5, '學到很多關於海洋保育的知識，覺得不虛此行。', 1, 44, '2024-08-04 20:23:00'),
(7, 14, 5, '很棒的體驗，會推薦給朋友。 👍', 1, 34, '2024-08-05 13:54:00'),
(12, 14, 4, '認識了很多志同道合的朋友，大家都很熱血。', 1, 34, '2024-08-21 11:51:00'),
(10, 14, 5, '活動很有意義，下次還想參加！ 👍', 1, 30, '2024-08-15 14:11:00'),

-- 活動 15 (已結束)
(20, 15, 5, '看到這麼多垃圾真的很心痛，大家真的要從源頭減塑！', 1, 16, '2024-09-17 17:34:00'),
(2, 15, 5, '很棒的體驗，會推薦給朋友。 👍', 1, 1, '2024-09-04 08:50:00'),
(5, 15, 5, '下次一定還要再來報名！ 👍', 1, 2, '2024-09-21 11:24:00'),
(13, 15, 5, '看到這麼多垃圾真的很心痛，大家真的要從源頭減塑！', 1, 9, '2024-09-28 18:05:00'),
(27, 15, 5, '希望能持續舉辦這樣的活動，讓環境更好。', 1, 37, '2024-09-11 22:46:00'),
(26, 15, 3, '學到很多關於海洋保育的知識，覺得不虛此行。', 1, 3, '2024-09-13 10:12:00'),
(22, 15, 5, '希望能持續舉辦這樣的活動，讓環境更好。 👍', 1, 2, '2024-09-11 22:28:00'),
(10, 15, 5, '海龜超可愛！希望能平安長大。', 1, 17, '2024-09-08 09:52:00'),
(8, 15, 3, '工作人員很親切，解說非常詳細。', 1, 34, '2024-09-03 08:59:00'),
(16, 15, 5, '下次一定還要再來報名！ 👍', 1, 48, '2024-09-12 18:51:00'),

-- 活動 16 (已結束)
(8, 16, 5, '海龜超可愛！希望能平安長大。', 1, 5, '2024-09-24 21:17:00'),
(12, 16, 4, '下次一定還要再來報名！ 👍', 1, 37, '2024-09-06 08:24:00'),
(10, 16, 5, '撿了很多保麗龍，真的清理不完，嘆氣。 👍', 1, 30, '2024-09-19 16:47:00'),
(30, 16, 5, '天氣很熱，但看到環境變乾淨很值得。', 1, 15, '2024-09-09 11:39:00'),
(6, 16, 5, '很有教育意義的活動，非常適合帶小孩來體驗。', 1, 38, '2024-09-17 13:28:00'),
(29, 16, 5, '活動很有意義，下次還想參加！', 1, 1, '2024-09-27 17:24:00'),
(20, 16, 3, '很有教育意義的活動，非常適合帶小孩來體驗。 👍', 1, 22, '2024-09-25 19:25:00'),
(4, 16, 5, '海龜超可愛！希望能平安長大。 👍', 1, 21, '2024-09-22 17:06:00'),
(18, 16, 5, '第一次參加這種活動，印象非常深刻，推推！', 1, 34, '2024-09-17 12:25:00'),
(26, 16, 3, '希望能有更多人加入志工行列，一起守護海洋。', 1, 39, '2024-09-11 09:00:00'),

-- 活動 17 (已結束)
(12, 17, 5, '天氣很熱，但看到環境變乾淨很值得。', 1, 11, '2024-09-25 16:32:00'),
(5, 17, 3, '希望能持續舉辦這樣的活動，讓環境更好。', 1, 49, '2024-09-08 10:28:00'),
(6, 17, 5, '撿了很多保麗龍，真的清理不完，嘆氣。', 1, 36, '2024-09-28 08:27:00'),
(30, 17, 4, '第一次參加這種活動，印象非常深刻，推推！ 👍', 1, 49, '2024-09-07 21:41:00'),
(26, 17, 3, '補給品準備得很周到，動線安排也很順暢。', 1, 10, '2024-09-22 19:56:00'),
(4, 17, 5, '志工訓練很紮實，學到很多急救技巧。 👍', 1, 22, '2024-09-01 17:51:00'),
(2, 17, 5, '第一次參加這種活動，印象非常深刻，推推！', 1, 8, '2024-09-08 15:53:00'),
(29, 17, 4, '為了下一代，我們需要做更多。 👍', 1, 41, '2024-09-13 17:34:00'),
(25, 17, 5, '主辦單位很用心，活動流程控制得很好。 👍', 1, 22, '2024-09-13 18:08:00'),
(22, 17, 4, '認識了很多志同道合的朋友，大家都很熱血。 👍', 1, 38, '2024-09-16 15:37:00'),

-- 活動 18 (已結束)
(17, 18, 5, '希望能持續舉辦這樣的活動，讓環境更好。 👍', 1, 43, '2024-10-25 16:51:00'),
(30, 18, 5, '第一次參加這種活動，印象非常深刻，推推！', 1, 48, '2024-10-18 15:21:00'),
(25, 18, 5, '撿了很多保麗龍，真的清理不完，嘆氣。', 1, 47, '2024-10-28 15:55:00'),
(4, 18, 3, '很棒的體驗，會推薦給朋友。 👍', 1, 9, '2024-10-13 08:41:00'),
(7, 18, 4, '希望能有更多人加入志工行列，一起守護海洋。', 1, 37, '2024-10-14 19:21:00'),
(15, 18, 5, '為了下一代，我們需要做更多。 👍', 1, 33, '2024-10-10 13:32:00'),
(8, 18, 5, '希望能持續舉辦這樣的活動，讓環境更好。 👍', 1, 34, '2024-10-07 21:33:00'),
(14, 18, 5, '補給品準備得很周到，動線安排也很順暢。 👍', 1, 43, '2024-10-06 17:25:00'),
(1, 18, 5, '為了下一代，我們需要做更多。', 1, 42, '2024-10-18 20:12:00'),
(6, 18, 4, '很棒的體驗，會推薦給朋友。 👍', 1, 16, '2024-10-10 20:27:00');

-- --------------------------------------------------------

--
-- 資料表結構 `ACTIVITY_REVIEWS_LIKES`
--

CREATE TABLE `ACTIVITY_REVIEWS_LIKES` (
  `REVIEW_ID` int(11) NOT NULL,
  `USER_ID` int(11) NOT NULL,
  `CREATED_AT` datetime DEFAULT CURRENT_TIMESTAMP
) ENGINE=InnoDB DEFAULT CHARSET=utf8mb4;

--
-- 傾印資料表的資料 `ACTIVITY_REVIEWS_LIKES`
--

INSERT INTO `ACTIVITY_REVIEWS_LIKES` (`REVIEW_ID`, `USER_ID`, `CREATED_AT`) VALUES
(1, 3, '2026-01-31 13:17:01');

-- --------------------------------------------------------

--
-- 資料表結構 `ACTIVITY_REVIEW_REPORTS`
--

CREATE TABLE `ACTIVITY_REVIEW_REPORTS` (
  `REPORT_ID` int(11) NOT NULL,
  `REVIEW_ID` int(11) NOT NULL,
  `USER_ID` int(11) NOT NULL COMMENT '檢舉人ID',
  `REASON` varchar(255) NOT NULL COMMENT '檢舉原因',
  `REPORT_STATUS` varchar(10) NOT NULL COMMENT '處理狀態',
  `CREATED_AT` datetime DEFAULT CURRENT_TIMESTAMP
) ENGINE=InnoDB DEFAULT CHARSET=utf8mb4;

--
-- 傾印資料表的資料 `ACTIVITY_REVIEW_REPORTS`
--

INSERT INTO `ACTIVITY_REVIEW_REPORTS` (`REPORT_ID`, `REVIEW_ID`, `USER_ID`, `REASON`, `REPORT_STATUS`, `CREATED_AT`) VALUES
(1, 3, 1, '3', '待處理', '2024-04-17 09:00:00');

-- --------------------------------------------------------

--
-- 資料表結構 `ACTIVITY_SIGNUPS`
--

CREATE TABLE `ACTIVITY_SIGNUPS` (
  `ACTIVITY_SIGNUP_ID` int(11) NOT NULL  AUTO_INCREMENT COMMENT '報名編號',
  `USER_ID` int(11) NOT NULL COMMENT '會員編號',
  `ACTIVITY_ID` int(11) NOT NULL COMMENT '活動編號',
  `ATTENDED` tinyint(1) NOT NULL DEFAULT '0' COMMENT '是否出席 (1:是, 0:否)',
  `ACTIVITY_SVC_HOURS` int(11) NOT NULL DEFAULT '0' COMMENT '核發時數',
  `REAL_NAME` varchar(100) COLLATE utf8mb4_unicode_ci NOT NULL COMMENT '真實姓名',
  `ID_NUMBER` varchar(20) COLLATE utf8mb4_unicode_ci NOT NULL COMMENT '身分證字號',
  `PHONE` varchar(20) COLLATE utf8mb4_unicode_ci NOT NULL COMMENT '聯絡電話',
  `EMAIL` varchar(255) COLLATE utf8mb4_unicode_ci NOT NULL COMMENT '電子郵件',
  `BIRTHDAY` date NOT NULL COMMENT '出生年月日',
  `EMERGENCY` varchar(100) COLLATE utf8mb4_unicode_ci NOT NULL COMMENT '緊急聯絡人',
  `EMERGENCY_TEL` varchar(20) COLLATE utf8mb4_unicode_ci NOT NULL COMMENT '緊急聯絡電話',
  `CANCEL` tinyint(1) NOT NULL DEFAULT '0' COMMENT '是否取消 (1:是, 0:否)',
  `CREATED_AT` datetime DEFAULT CURRENT_TIMESTAMP COMMENT '報名時間',
  PRIMARY KEY (`ACTIVITY_SIGNUP_ID`), 
  KEY `IDX_USER_ID` (`USER_ID`),
  KEY `IDX_ACTIVITY_ID` (`ACTIVITY_ID`)
) ENGINE=InnoDB DEFAULT CHARSET=utf8mb4 COLLATE=utf8mb4_unicode_ci COMMENT='活動報名資料表';

--
-- 傾印資料表的資料 `ACTIVITY_SIGNUPS`
--


-- 活動 1: 需 15 人 (2024-03-10)
INSERT INTO `ACTIVITY_SIGNUPS` (`USER_ID`, `ACTIVITY_ID`, `ATTENDED`, `ACTIVITY_SVC_HOURS`, `REAL_NAME`, `ID_NUMBER`, `PHONE`, `EMAIL`, `BIRTHDAY`, `EMERGENCY`, `EMERGENCY_TEL`, `CREATED_AT`) VALUES
(1, 1, 1, 3, '王小明', 'A123456789', '0912000001', 'test01@example.com', '1990-01-01', '王爸爸', '0988000001', '2024-03-01 10:00:00'),
(2, 1, 1, 3, '陳美玲', 'A223456781', '0912000002', 'test02@example.com', '1992-05-14', '陳媽媽', '0988000002', '2024-03-01 10:05:00'),
(3, 1, 1, 3, '林志豪', 'A123456819', '0912000003', 'test03@example.com', '1989-11-02', '林太太', '0988000003', '2024-03-01 10:10:00'),
(4, 1, 1, 3, '黃雅婷', 'A223456820', '0912000004', 'test04@example.com', '1995-03-21', '黃爸爸', '0988000004', '2024-03-01 10:15:00'),
(5, 1, 1, 3, '張家豪', 'A123456837', '0912000005', 'test05@example.com', '1990-07-08', '張太太', '0988000005', '2024-03-01 10:20:00'),
(6, 1, 1, 3, '李佩珊', 'A223456848', '0912000006', 'test06@example.com', '1998-12-30', '李媽媽', '0988000006', '2024-03-01 10:25:00'),
(7, 1, 1, 3, '吳承翰', 'A123456855', '0912000007', 'test07@example.com', '1987-01-19', '吳媽媽', '0988000007', '2024-03-01 10:30:00'),
(8, 1, 1, 3, '蔡依庭', 'A223456866', '0912000008', 'test08@example.com', '1996-09-11', '蔡爸爸', '0988000008', '2024-03-01 10:35:00'),
(9, 1, 1, 3, '劉冠廷', 'A123456873', '0912000009', 'test09@example.com', '1991-04-05', '劉太太', '0988000009', '2024-03-01 10:40:00'),
(10, 1, 1, 3, '鄭宇軒', 'A123456882', '0912000010', 'test10@example.com', '1993-06-18', '鄭媽媽', '0988000010', '2024-03-01 10:45:00'),
(11, 1, 1, 3, '許佳穎', 'A223456893', '0912000011', 'test11@example.com', '1997-10-09', '許媽媽', '0988000011', '2024-03-01 10:50:00'),
(12, 1, 1, 3, '周子瑜', 'A223456909', '0912000012', 'test12@example.com', '1999-06-14', '周爸爸', '0988000012', '2024-03-01 10:55:00'),
(13, 1, 1, 3, '何俊宏', 'A123456911', '0912000013', 'test13@example.com', '1988-02-27', '何太太', '0988000013', '2024-03-01 11:00:00'),
(14, 1, 1, 3, '蘇怡君', 'A223456922', '0912000014', 'test14@example.com', '1994-08-03', '蘇媽媽', '0988000014', '2024-03-01 11:05:00'),
(15, 1, 1, 3, '高志明', 'A123456939', '0912000015', 'test15@example.com', '1985-12-12', '高太太', '0988000015', '2024-03-01 11:10:00');

-- 活動 2: 需 13 人 (2024-04-14)
INSERT INTO `ACTIVITY_SIGNUPS` (`USER_ID`, `ACTIVITY_ID`, `ATTENDED`, `ACTIVITY_SVC_HOURS`, `REAL_NAME`, `ID_NUMBER`, `PHONE`, `EMAIL`, `BIRTHDAY`, `EMERGENCY`, `EMERGENCY_TEL`, `CREATED_AT`) VALUES
(16, 2, 1, 3, '簡詩涵', 'A223456943', '0912000016', 'test16@example.com', '2000-01-25', '簡媽媽', '0988000016', '2024-04-01 10:00:00'),
(17, 2, 1, 3, '范峻瑋', 'A123456952', '0912000017', 'test17@example.com', '1992-03-12', '范爸爸', '0988000017', '2024-04-01 10:05:00'),
(18, 2, 1, 3, '彭曉雲', 'A223456961', '0912000018', 'test18@example.com', '1995-11-20', '彭媽媽', '0988000018', '2024-04-01 10:10:00'),
(19, 2, 1, 3, '蕭家銘', 'B123456780', '0912000019', 'test19@example.com', '1988-07-05', '蕭太太', '0988000019', '2024-04-01 10:15:00'),
(20, 2, 1, 3, '潘育如', 'B223456798', '0912000020', 'test20@example.com', '1993-04-14', '潘爸爸', '0988000020', '2024-04-01 10:20:00'),
(21, 2, 1, 3, '田曼婷', 'C223456789', '0912000021', 'test21@example.com', '1996-08-25', '田媽媽', '0988000021', '2024-04-01 10:25:00'),
(22, 2, 1, 3, '任哲賢', 'C123456791', '0912000022', 'test22@example.com', '1991-12-01', '任太太', '0988000022', '2024-04-01 10:30:00'),
(23, 2, 1, 3, '卓佳勳', 'D123456782', '0912000023', 'test23@example.com', '1989-05-30', '卓爸爸', '0988000023', '2024-04-01 10:35:00'),
(24, 2, 1, 3, '余若瑄', 'D223456790', '0912000024', 'test24@example.com', '1997-02-14', '余媽媽', '0988000024', '2024-04-01 10:40:00'),
(25, 2, 1, 3, '程大鈞', 'E123456783', '0912000025', 'test25@example.com', '1986-10-11', '程太太', '0988000025', '2024-04-01 10:45:00'),
(26, 2, 1, 3, '柳雅文', 'E223456791', '0912000026', 'test26@example.com', '1994-06-22', '柳媽媽', '0988000026', '2024-04-01 10:50:00'),
(27, 2, 1, 3, '蔣文傑', 'F123456784', '0912000027', 'test27@example.com', '1990-09-09', '蔣爸爸', '0988000027', '2024-04-01 10:55:00'),
(28, 2, 1, 3, '湯詩婷', 'F223456792', '0912000028', 'test28@example.com', '1998-01-30', '湯媽媽', '0988000028', '2024-04-01 11:00:00');

-- 活動 3: 需 15 人 (2024-04-15)
INSERT INTO `ACTIVITY_SIGNUPS` (`USER_ID`, `ACTIVITY_ID`, `ATTENDED`, `ACTIVITY_SVC_HOURS`, `REAL_NAME`, `ID_NUMBER`, `PHONE`, `EMAIL`, `BIRTHDAY`, `EMERGENCY`, `EMERGENCY_TEL`, `CREATED_AT`) VALUES
(29, 3, 1, 3, '康志強', 'G123456785', '0912000029', 'test29@example.com', '1987-04-18', '康太太', '0988000029', '2024-04-05 09:00:00'),
(30, 3, 1, 3, '倪佩妤', 'G223456793', '0912000030', 'test30@example.com', '1999-12-12', '倪爸爸', '0988000030', '2024-04-05 09:05:00'),
(1, 3, 1, 3, '王小明', 'A123456789', '0912000001', 'test01@example.com', '1990-01-01', '王爸爸', '0988000001', '2024-04-05 09:10:00'),
(2, 3, 1, 3, '陳美玲', 'A223456781', '0912000002', 'test02@example.com', '1992-05-14', '陳媽媽', '0988000002', '2024-04-05 09:15:00'),
(3, 3, 1, 3, '林志豪', 'A123456819', '0912000003', 'test03@example.com', '1989-11-02', '林太太', '0988000003', '2024-04-05 09:20:00'),
(4, 3, 1, 3, '黃雅婷', 'A223456820', '0912000004', 'test04@example.com', '1995-03-21', '黃爸爸', '0988000004', '2024-04-05 09:25:00'),
(5, 3, 1, 3, '張家豪', 'A123456837', '0912000005', 'test05@example.com', '1990-07-08', '張太太', '0988000005', '2024-04-05 09:30:00'),
(6, 3, 1, 3, '李佩珊', 'A223456848', '0912000006', 'test06@example.com', '1998-12-30', '李媽媽', '0988000006', '2024-04-05 09:35:00'),
(7, 3, 1, 3, '吳承翰', 'A123456855', '0912000007', 'test07@example.com', '1987-01-19', '吳媽媽', '0988000007', '2024-04-05 09:40:00'),
(8, 3, 1, 3, '蔡依庭', 'A223456866', '0912000008', 'test08@example.com', '1996-09-11', '蔡爸爸', '0988000008', '2024-04-05 09:45:00'),
(9, 3, 1, 3, '劉冠廷', 'A123456873', '0912000009', 'test09@example.com', '1991-04-05', '劉太太', '0988000009', '2024-04-05 09:50:00'),
(10, 3, 1, 3, '鄭宇軒', 'A123456882', '0912000010', 'test10@example.com', '1993-06-18', '鄭媽媽', '0988000010', '2024-04-05 09:55:00'),
(11, 3, 1, 3, '許佳穎', 'A223456893', '0912000011', 'test11@example.com', '1997-10-09', '許媽媽', '0988000011', '2024-04-05 10:00:00'),
(12, 3, 1, 3, '周子瑜', 'A223456909', '0912000012', 'test12@example.com', '1999-06-14', '周爸爸', '0988000012', '2024-04-05 10:05:00'),
(13, 3, 1, 3, '何俊宏', 'A123456911', '0912000013', 'test13@example.com', '1988-02-27', '何太太', '0988000013', '2024-04-05 10:10:00');

-- 活動 4: 需 16 人 (2024-05-05)
INSERT INTO `ACTIVITY_SIGNUPS` (`USER_ID`, `ACTIVITY_ID`, `ATTENDED`, `ACTIVITY_SVC_HOURS`, `REAL_NAME`, `ID_NUMBER`, `PHONE`, `EMAIL`, `BIRTHDAY`, `EMERGENCY`, `EMERGENCY_TEL`, `CREATED_AT`) VALUES
(14, 4, 1, 3, '蘇怡君', 'A223456922', '0912000014', 'test14@example.com', '1994-08-03', '蘇媽媽', '0988000014', '2024-04-20 10:00:00'),
(15, 4, 1, 3, '高志明', 'A123456939', '0912000015', 'test15@example.com', '1985-12-12', '高太太', '0988000015', '2024-04-20 10:05:00'),
(16, 4, 1, 3, '簡詩涵', 'A223456943', '0912000016', 'test16@example.com', '2000-01-25', '簡媽媽', '0988000016', '2024-04-20 10:10:00'),
(17, 4, 1, 3, '范峻瑋', 'A123456952', '0912000017', 'test17@example.com', '1992-03-12', '范爸爸', '0988000017', '2024-04-20 10:15:00'),
(18, 4, 1, 3, '彭曉雲', 'A223456961', '0912000018', 'test18@example.com', '1995-11-20', '彭媽媽', '0988000018', '2024-04-20 10:20:00'),
(19, 4, 1, 3, '蕭家銘', 'B123456780', '0912000019', 'test19@example.com', '1988-07-05', '蕭太太', '0988000019', '2024-04-20 10:25:00'),
(20, 4, 1, 3, '潘育如', 'B223456798', '0912000020', 'test20@example.com', '1993-04-14', '潘爸爸', '0988000020', '2024-04-20 10:30:00'),
(21, 4, 1, 3, '田曼婷', 'C223456789', '0912000021', 'test21@example.com', '1996-08-25', '田媽媽', '0988000021', '2024-04-20 10:35:00'),
(22, 4, 1, 3, '任哲賢', 'C123456791', '0912000022', 'test22@example.com', '1991-12-01', '任太太', '0988000022', '2024-04-20 10:40:00'),
(23, 4, 1, 3, '卓佳勳', 'D123456782', '0912000023', 'test23@example.com', '1989-05-30', '卓爸爸', '0988000023', '2024-04-20 10:45:00'),
(24, 4, 1, 3, '余若瑄', 'D223456790', '0912000024', 'test24@example.com', '1997-02-14', '余媽媽', '0988000024', '2024-04-20 10:50:00'),
(25, 4, 1, 3, '程大鈞', 'E123456783', '0912000025', 'test25@example.com', '1986-10-11', '程太太', '0988000025', '2024-04-20 10:55:00'),
(26, 4, 1, 3, '柳雅文', 'E223456791', '0912000026', 'test26@example.com', '1994-06-22', '柳媽媽', '0988000026', '2024-04-20 11:00:00'),
(27, 4, 1, 3, '蔣文傑', 'F123456784', '0912000027', 'test27@example.com', '1990-09-09', '蔣爸爸', '0988000027', '2024-04-20 11:05:00'),
(28, 4, 1, 3, '湯詩婷', 'F223456792', '0912000028', 'test28@example.com', '1998-01-30', '湯媽媽', '0988000028', '2024-04-20 11:10:00'),
(29, 4, 1, 3, '康志強', 'G123456785', '0912000029', 'test29@example.com', '1987-04-18', '康太太', '0988000029', '2024-04-20 11:15:00');

-- 活動 5: 需 10 人 (2024-05-15)
INSERT INTO `ACTIVITY_SIGNUPS` (`USER_ID`, `ACTIVITY_ID`, `ATTENDED`, `ACTIVITY_SVC_HOURS`, `REAL_NAME`, `ID_NUMBER`, `PHONE`, `EMAIL`, `BIRTHDAY`, `EMERGENCY`, `EMERGENCY_TEL`, `CREATED_AT`) VALUES
(30, 5, 1, 3, '倪佩妤', 'G223456793', '0912000030', 'test30@example.com', '1999-12-12', '倪爸爸', '0988000030', '2024-05-01 10:00:00'),
(1, 5, 1, 3, '王小明', 'A123456789', '0912000001', 'test01@example.com', '1990-01-01', '王爸爸', '0988000001', '2024-05-01 10:05:00'),
(2, 5, 1, 3, '陳美玲', 'A223456781', '0912000002', 'test02@example.com', '1992-05-14', '陳媽媽', '0988000002', '2024-05-01 10:10:00'),
(3, 5, 1, 3, '林志豪', 'A123456819', '0912000003', 'test03@example.com', '1989-11-02', '林太太', '0988000003', '2024-05-01 10:15:00'),
(4, 5, 1, 3, '黃雅婷', 'A223456820', '0912000004', 'test04@example.com', '1995-03-21', '黃爸爸', '0988000004', '2024-05-01 10:20:00'),
(5, 5, 1, 3, '張家豪', 'A123456837', '0912000005', 'test05@example.com', '1990-07-08', '張太太', '0988000005', '2024-05-01 10:25:00'),
(6, 5, 1, 3, '李佩珊', 'A223456848', '0912000006', 'test06@example.com', '1998-12-30', '李媽媽', '0988000006', '2024-05-01 10:30:00'),
(7, 5, 1, 3, '吳承翰', 'A123456855', '0912000007', 'test07@example.com', '1987-01-19', '吳媽媽', '0988000007', '2024-05-01 10:35:00'),
(8, 5, 1, 3, '蔡依庭', 'A223456866', '0912000008', 'test08@example.com', '1996-09-11', '蔡爸爸', '0988000008', '2024-05-01 10:40:00'),
(9, 5, 1, 3, '劉冠廷', 'A123456873', '0912000009', 'test09@example.com', '1991-04-05', '劉太太', '0988000009', '2024-05-01 10:45:00');

-- 活動 6: 需 4 人 (2024-05-20)
INSERT INTO `ACTIVITY_SIGNUPS` (`USER_ID`, `ACTIVITY_ID`, `ATTENDED`, `ACTIVITY_SVC_HOURS`, `REAL_NAME`, `ID_NUMBER`, `PHONE`, `EMAIL`, `BIRTHDAY`, `EMERGENCY`, `EMERGENCY_TEL`, `CREATED_AT`) VALUES
(10, 6, 1, 3, '鄭宇軒', 'A123456882', '0912000010', 'test10@example.com', '1993-06-18', '鄭媽媽', '0988000010', '2024-05-10 10:00:00'),
(11, 6, 1, 3, '許佳穎', 'A223456893', '0912000011', 'test11@example.com', '1997-10-09', '許媽媽', '0988000011', '2024-05-10 10:05:00'),
(12, 6, 1, 3, '周子瑜', 'A223456909', '0912000012', 'test12@example.com', '1999-06-14', '周爸爸', '0988000012', '2024-05-10 10:10:00'),
(13, 6, 1, 3, '何俊宏', 'A123456911', '0912000013', 'test13@example.com', '1988-02-27', '何太太', '0988000013', '2024-05-10 10:15:00');

-- 活動 7: 需 19 人 (2024-06-08)
INSERT INTO `ACTIVITY_SIGNUPS` (`USER_ID`, `ACTIVITY_ID`, `ATTENDED`, `ACTIVITY_SVC_HOURS`, `REAL_NAME`, `ID_NUMBER`, `PHONE`, `EMAIL`, `BIRTHDAY`, `EMERGENCY`, `EMERGENCY_TEL`, `CREATED_AT`) VALUES
(14, 7, 1, 3, '蘇怡君', 'A223456922', '0912000014', 'test14@example.com', '1994-08-03', '蘇媽媽', '0988000014', '2024-05-25 09:00:00'),
(15, 7, 1, 3, '高志明', 'A123456939', '0912000015', 'test15@example.com', '1985-12-12', '高太太', '0988000015', '2024-05-25 09:05:00'),
(16, 7, 1, 3, '簡詩涵', 'A223456943', '0912000016', 'test16@example.com', '2000-01-25', '簡媽媽', '0988000016', '2024-05-25 09:10:00'),
(17, 7, 1, 3, '范峻瑋', 'A123456952', '0912000017', 'test17@example.com', '1992-03-12', '范爸爸', '0988000017', '2024-05-25 09:15:00'),
(18, 7, 1, 3, '彭曉雲', 'A223456961', '0912000018', 'test18@example.com', '1995-11-20', '彭媽媽', '0988000018', '2024-05-25 09:20:00'),
(19, 7, 1, 3, '蕭家銘', 'B123456780', '0912000019', 'test19@example.com', '1988-07-05', '蕭太太', '0988000019', '2024-05-25 09:25:00'),
(20, 7, 1, 3, '潘育如', 'B223456798', '0912000020', 'test20@example.com', '1993-04-14', '潘爸爸', '0988000020', '2024-05-25 09:30:00'),
(21, 7, 1, 3, '田曼婷', 'C223456789', '0912000021', 'test21@example.com', '1996-08-25', '田媽媽', '0988000021', '2024-05-25 09:35:00'),
(22, 7, 1, 3, '任哲賢', 'C123456791', '0912000022', 'test22@example.com', '1991-12-01', '任太太', '0988000022', '2024-05-25 09:40:00'),
(23, 7, 1, 3, '卓佳勳', 'D123456782', '0912000023', 'test23@example.com', '1989-05-30', '卓爸爸', '0988000023', '2024-05-25 09:45:00'),
(24, 7, 1, 3, '余若瑄', 'D223456790', '0912000024', 'test24@example.com', '1997-02-14', '余媽媽', '0988000024', '2024-05-25 09:50:00'),
(25, 7, 1, 3, '程大鈞', 'E123456783', '0912000025', 'test25@example.com', '1986-10-11', '程太太', '0988000025', '2024-05-25 09:55:00'),
(26, 7, 1, 3, '柳雅文', 'E223456791', '0912000026', 'test26@example.com', '1994-06-22', '柳媽媽', '0988000026', '2024-05-25 10:00:00'),
(27, 7, 1, 3, '蔣文傑', 'F123456784', '0912000027', 'test27@example.com', '1990-09-09', '蔣爸爸', '0988000027', '2024-05-25 10:05:00'),
(28, 7, 1, 3, '湯詩婷', 'F223456792', '0912000028', 'test28@example.com', '1998-01-30', '湯媽媽', '0988000028', '2024-05-25 10:10:00'),
(29, 7, 1, 3, '康志強', 'G123456785', '0912000029', 'test29@example.com', '1987-04-18', '康太太', '0988000029', '2024-05-25 10:15:00'),
(30, 7, 1, 3, '倪佩妤', 'G223456793', '0912000030', 'test30@example.com', '1999-12-12', '倪爸爸', '0988000030', '2024-05-25 10:20:00'),
(1, 7, 1, 3, '王小明', 'A123456789', '0912000001', 'test01@example.com', '1990-01-01', '王爸爸', '0988000001', '2024-05-25 10:25:00'),
(2, 7, 1, 3, '陳美玲', 'A223456781', '0912000002', 'test02@example.com', '1992-05-14', '陳媽媽', '0988000002', '2024-05-25 10:30:00');

-- 活動 8: 需 15 人 (2024-06-10)
INSERT INTO `ACTIVITY_SIGNUPS` (`USER_ID`, `ACTIVITY_ID`, `ATTENDED`, `ACTIVITY_SVC_HOURS`, `REAL_NAME`, `ID_NUMBER`, `PHONE`, `EMAIL`, `BIRTHDAY`, `EMERGENCY`, `EMERGENCY_TEL`, `CREATED_AT`) VALUES
(3, 8, 1, 3, '林志豪', 'A123456819', '0912000003', 'test03@example.com', '1989-11-02', '林太太', '0988000003', '2024-06-01 10:00:00'),
(4, 8, 1, 3, '黃雅婷', 'A223456820', '0912000004', 'test04@example.com', '1995-03-21', '黃爸爸', '0988000004', '2024-06-01 10:05:00'),
(5, 8, 1, 3, '張家豪', 'A123456837', '0912000005', 'test05@example.com', '1990-07-08', '張太太', '0988000005', '2024-06-01 10:10:00'),
(6, 8, 1, 3, '李佩珊', 'A223456848', '0912000006', 'test06@example.com', '1998-12-30', '李媽媽', '0988000006', '2024-06-01 10:15:00'),
(7, 8, 1, 3, '吳承翰', 'A123456855', '0912000007', 'test07@example.com', '1987-01-19', '吳媽媽', '0988000007', '2024-06-01 10:20:00'),
(8, 8, 1, 3, '蔡依庭', 'A223456866', '0912000008', 'test08@example.com', '1996-09-11', '蔡爸爸', '0988000008', '2024-06-01 10:25:00'),
(9, 8, 1, 3, '劉冠廷', 'A123456873', '0912000009', 'test09@example.com', '1991-04-05', '劉太太', '0988000009', '2024-06-01 10:30:00'),
(10, 8, 1, 3, '鄭宇軒', 'A123456882', '0912000010', 'test10@example.com', '1993-06-18', '鄭媽媽', '0988000010', '2024-06-01 10:35:00'),
(11, 8, 1, 3, '許佳穎', 'A223456893', '0912000011', 'test11@example.com', '1997-10-09', '許媽媽', '0988000011', '2024-06-01 10:40:00'),
(12, 8, 1, 3, '周子瑜', 'A223456909', '0912000012', 'test12@example.com', '1999-06-14', '周爸爸', '0988000012', '2024-06-01 10:45:00'),
(13, 8, 1, 3, '何俊宏', 'A123456911', '0912000013', 'test13@example.com', '1988-02-27', '何太太', '0988000013', '2024-06-01 10:50:00'),
(14, 8, 1, 3, '蘇怡君', 'A223456922', '0912000014', 'test14@example.com', '1994-08-03', '蘇媽媽', '0988000014', '2024-06-01 10:55:00'),
(15, 8, 1, 3, '高志明', 'A123456939', '0912000015', 'test15@example.com', '1985-12-12', '高太太', '0988000015', '2024-06-01 11:00:00'),
(16, 8, 1, 3, '簡詩涵', 'A223456943', '0912000016', 'test16@example.com', '2000-01-25', '簡媽媽', '0988000016', '2024-06-01 11:05:00'),
(17, 8, 1, 3, '范峻瑋', 'A123456952', '0912000017', 'test17@example.com', '1992-03-12', '范爸爸', '0988000017', '2024-06-01 11:10:00');

-- 活動 9: 需 10 人 (2024-06-15)
INSERT INTO `ACTIVITY_SIGNUPS` (`USER_ID`, `ACTIVITY_ID`, `ATTENDED`, `ACTIVITY_SVC_HOURS`, `REAL_NAME`, `ID_NUMBER`, `PHONE`, `EMAIL`, `BIRTHDAY`, `EMERGENCY`, `EMERGENCY_TEL`, `CREATED_AT`) VALUES
(18, 9, 1, 3, '彭曉雲', 'A223456961', '0912000018', 'test18@example.com', '1995-11-20', '彭媽媽', '0988000018', '2024-06-05 10:00:00'),
(19, 9, 1, 3, '蕭家銘', 'B123456780', '0912000019', 'test19@example.com', '1988-07-05', '蕭太太', '0988000019', '2024-06-05 10:05:00'),
(20, 9, 1, 3, '潘育如', 'B223456798', '0912000020', 'test20@example.com', '1993-04-14', '潘爸爸', '0988000020', '2024-06-05 10:10:00'),
(21, 9, 1, 3, '田曼婷', 'C223456789', '0912000021', 'test21@example.com', '1996-08-25', '田媽媽', '0988000021', '2024-06-05 10:15:00'),
(22, 9, 1, 3, '任哲賢', 'C123456791', '0912000022', 'test22@example.com', '1991-12-01', '任太太', '0988000022', '2024-06-05 10:20:00'),
(23, 9, 1, 3, '卓佳勳', 'D123456782', '0912000023', 'test23@example.com', '1989-05-30', '卓爸爸', '0988000023', '2024-06-05 10:25:00'),
(24, 9, 1, 3, '余若瑄', 'D223456790', '0912000024', 'test24@example.com', '1997-02-14', '余媽媽', '0988000024', '2024-06-05 10:30:00'),
(25, 9, 1, 3, '程大鈞', 'E123456783', '0912000025', 'test25@example.com', '1986-10-11', '程太太', '0988000025', '2024-06-05 10:35:00'),
(26, 9, 1, 3, '柳雅文', 'E223456791', '0912000026', 'test26@example.com', '1994-06-22', '柳媽媽', '0988000026', '2024-06-05 10:40:00'),
(27, 9, 1, 3, '蔣文傑', 'F123456784', '0912000027', 'test27@example.com', '1990-09-09', '蔣爸爸', '0988000027', '2024-06-05 10:45:00');

-- 活動 10: 需 8 人 (2024-07-05)
INSERT INTO `ACTIVITY_SIGNUPS` (`USER_ID`, `ACTIVITY_ID`, `ATTENDED`, `ACTIVITY_SVC_HOURS`, `REAL_NAME`, `ID_NUMBER`, `PHONE`, `EMAIL`, `BIRTHDAY`, `EMERGENCY`, `EMERGENCY_TEL`, `CREATED_AT`) VALUES
(28, 10, 1, 3, '湯詩婷', 'F223456792', '0912000028', 'test28@example.com', '1998-01-30', '湯媽媽', '0988000028', '2024-06-20 10:00:00'),
(29, 10, 1, 3, '康志強', 'G123456785', '0912000029', 'test29@example.com', '1987-04-18', '康太太', '0988000029', '2024-06-20 10:05:00'),
(30, 10, 1, 3, '倪佩妤', 'G223456793', '0912000030', 'test30@example.com', '1999-12-12', '倪爸爸', '0988000030', '2024-06-20 10:10:00'),
(1, 10, 1, 3, '王小明', 'A123456789', '0912000001', 'test01@example.com', '1990-01-01', '王爸爸', '0988000001', '2024-06-20 10:15:00'),
(2, 10, 1, 3, '陳美玲', 'A223456781', '0912000002', 'test02@example.com', '1992-05-14', '陳媽媽', '0988000002', '2024-06-20 10:20:00'),
(3, 10, 1, 3, '林志豪', 'A123456819', '0912000003', 'test03@example.com', '1989-11-02', '林太太', '0988000003', '2024-06-20 10:25:00'),
(4, 10, 1, 3, '黃雅婷', 'A223456820', '0912000004', 'test04@example.com', '1995-03-21', '黃爸爸', '0988000004', '2024-06-20 10:30:00'),
(5, 10, 1, 3, '張家豪', 'A123456837', '0912000005', 'test05@example.com', '1990-07-08', '張太太', '0988000005', '2024-06-20 10:35:00');

-- 活動 11: 需 15 人 (2024-07-15)
INSERT INTO `ACTIVITY_SIGNUPS` (`USER_ID`, `ACTIVITY_ID`, `ATTENDED`, `ACTIVITY_SVC_HOURS`, `REAL_NAME`, `ID_NUMBER`, `PHONE`, `EMAIL`, `BIRTHDAY`, `EMERGENCY`, `EMERGENCY_TEL`, `CREATED_AT`) VALUES
(6, 11, 1, 3, '李佩珊', 'A223456848', '0912000006', 'test06@example.com', '1998-12-30', '李媽媽', '0988000006', '2024-07-01 10:00:00'),
(7, 11, 1, 3, '吳承翰', 'A123456855', '0912000007', 'test07@example.com', '1987-01-19', '吳媽媽', '0988000007', '2024-07-01 10:05:00'),
(8, 11, 1, 3, '蔡依庭', 'A223456866', '0912000008', 'test08@example.com', '1996-09-11', '蔡爸爸', '0988000008', '2024-07-01 10:10:00'),
(9, 11, 1, 3, '劉冠廷', 'A123456873', '0912000009', 'test09@example.com', '1991-04-05', '劉太太', '0988000009', '2024-07-01 10:15:00'),
(10, 11, 1, 3, '鄭宇軒', 'A123456882', '0912000010', 'test10@example.com', '1993-06-18', '鄭媽媽', '0988000010', '2024-07-01 10:20:00'),
(11, 11, 1, 3, '許佳穎', 'A223456893', '0912000011', 'test11@example.com', '1997-10-09', '許媽媽', '0988000011', '2024-07-01 10:25:00'),
(12, 11, 1, 3, '周子瑜', 'A223456909', '0912000012', 'test12@example.com', '1999-06-14', '周爸爸', '0988000012', '2024-07-01 10:30:00'),
(13, 11, 1, 3, '何俊宏', 'A123456911', '0912000013', 'test13@example.com', '1988-02-27', '何太太', '0988000013', '2024-07-01 10:35:00'),
(14, 11, 1, 3, '蘇怡君', 'A223456922', '0912000014', 'test14@example.com', '1994-08-03', '蘇媽媽', '0988000014', '2024-07-01 10:40:00'),
(15, 11, 1, 3, '高志明', 'A123456939', '0912000015', 'test15@example.com', '1985-12-12', '高太太', '0988000015', '2024-07-01 10:45:00'),
(16, 11, 1, 3, '簡詩涵', 'A223456943', '0912000016', 'test16@example.com', '2000-01-25', '簡媽媽', '0988000016', '2024-07-01 10:50:00'),
(17, 11, 1, 3, '范峻瑋', 'A123456952', '0912000017', 'test17@example.com', '1992-03-12', '范爸爸', '0988000017', '2024-07-01 10:55:00'),
(18, 11, 1, 3, '彭曉雲', 'A223456961', '0912000018', 'test18@example.com', '1995-11-20', '彭媽媽', '0988000018', '2024-07-01 11:00:00'),
(19, 11, 1, 3, '蕭家銘', 'B123456780', '0912000019', 'test19@example.com', '1988-07-05', '蕭太太', '0988000019', '2024-07-01 11:05:00'),
(20, 11, 1, 3, '潘育如', 'B223456798', '0912000020', 'test20@example.com', '1993-04-14', '潘爸爸', '0988000020', '2024-07-01 11:10:00');

-- 活動 12: 需 12 人 (2024-07-20)
INSERT INTO `ACTIVITY_SIGNUPS` (`USER_ID`, `ACTIVITY_ID`, `ATTENDED`, `ACTIVITY_SVC_HOURS`, `REAL_NAME`, `ID_NUMBER`, `PHONE`, `EMAIL`, `BIRTHDAY`, `EMERGENCY`, `EMERGENCY_TEL`, `CREATED_AT`) VALUES
(21, 12, 1, 3, '田曼婷', 'C223456789', '0912000021', 'test21@example.com', '1996-08-25', '田媽媽', '0988000021', '2024-07-10 10:00:00'),
(22, 12, 1, 3, '任哲賢', 'C123456791', '0912000022', 'test22@example.com', '1991-12-01', '任太太', '0988000022', '2024-07-10 10:05:00'),
(23, 12, 1, 3, '卓佳勳', 'D123456782', '0912000023', 'test23@example.com', '1989-05-30', '卓爸爸', '0988000023', '2024-07-10 10:10:00'),
(24, 12, 1, 3, '余若瑄', 'D223456790', '0912000024', 'test24@example.com', '1997-02-14', '余媽媽', '0988000024', '2024-07-10 10:15:00'),
(25, 12, 1, 3, '程大鈞', 'E123456783', '0912000025', 'test25@example.com', '1986-10-11', '程太太', '0988000025', '2024-07-10 10:20:00'),
(26, 12, 1, 3, '柳雅文', 'E223456791', '0912000026', 'test26@example.com', '1994-06-22', '柳媽媽', '0988000026', '2024-07-10 10:25:00'),
(27, 12, 1, 3, '蔣文傑', 'F123456784', '0912000027', 'test27@example.com', '1990-09-09', '蔣爸爸', '0988000027', '2024-07-10 10:30:00'),
(28, 12, 1, 3, '湯詩婷', 'F223456792', '0912000028', 'test28@example.com', '1998-01-30', '湯媽媽', '0988000028', '2024-07-10 10:35:00'),
(29, 12, 1, 3, '康志強', 'G123456785', '0912000029', 'test29@example.com', '1987-04-18', '康太太', '0988000029', '2024-07-10 10:40:00'),
(30, 12, 1, 3, '倪佩妤', 'G223456793', '0912000030', 'test30@example.com', '1999-12-12', '倪爸爸', '0988000030', '2024-07-10 10:45:00'),
(1, 12, 1, 3, '王小明', 'A123456789', '0912000001', 'test01@example.com', '1990-01-01', '王爸爸', '0988000001', '2024-07-10 10:50:00'),
(2, 12, 1, 3, '陳美玲', 'A223456781', '0912000002', 'test02@example.com', '1992-05-14', '陳媽媽', '0988000002', '2024-07-10 10:55:00');

-- 活動 13: 需 8 人 (2024-08-12)
INSERT INTO `ACTIVITY_SIGNUPS` (`USER_ID`, `ACTIVITY_ID`, `ATTENDED`, `ACTIVITY_SVC_HOURS`, `REAL_NAME`, `ID_NUMBER`, `PHONE`, `EMAIL`, `BIRTHDAY`, `EMERGENCY`, `EMERGENCY_TEL`, `CREATED_AT`) VALUES
(3, 13, 1, 3, '林志豪', 'A123456819', '0912000003', 'test03@example.com', '1989-11-02', '林太太', '0988000003', '2024-08-01 10:00:00'),
(4, 13, 1, 3, '黃雅婷', 'A223456820', '0912000004', 'test04@example.com', '1995-03-21', '黃爸爸', '0988000004', '2024-08-01 10:05:00'),
(5, 13, 1, 3, '張家豪', 'A123456837', '0912000005', 'test05@example.com', '1990-07-08', '張太太', '0988000005', '2024-08-01 10:10:00'),
(6, 13, 1, 3, '李佩珊', 'A223456848', '0912000006', 'test06@example.com', '1998-12-30', '李媽媽', '0988000006', '2024-08-01 10:15:00'),
(7, 13, 1, 3, '吳承翰', 'A123456855', '0912000007', 'test07@example.com', '1987-01-19', '吳媽媽', '0988000007', '2024-08-01 10:20:00'),
(8, 13, 1, 3, '蔡依庭', 'A223456866', '0912000008', 'test08@example.com', '1996-09-11', '蔡爸爸', '0988000008', '2024-08-01 10:25:00'),
(9, 13, 1, 3, '劉冠廷', 'A123456873', '0912000009', 'test09@example.com', '1991-04-05', '劉太太', '0988000009', '2024-08-01 10:30:00'),
(10, 13, 1, 3, '鄭宇軒', 'A123456882', '0912000010', 'test10@example.com', '1993-06-18', '鄭媽媽', '0988000010', '2024-08-01 10:35:00');

-- 活動 14: 需 12 人 (2024-08-15)
INSERT INTO `ACTIVITY_SIGNUPS` (`USER_ID`, `ACTIVITY_ID`, `ATTENDED`, `ACTIVITY_SVC_HOURS`, `REAL_NAME`, `ID_NUMBER`, `PHONE`, `EMAIL`, `BIRTHDAY`, `EMERGENCY`, `EMERGENCY_TEL`, `CREATED_AT`) VALUES
(11, 14, 1, 3, '許佳穎', 'A223456893', '0912000011', 'test11@example.com', '1997-10-09', '許媽媽', '0988000011', '2024-08-05 10:00:00'),
(12, 14, 1, 3, '周子瑜', 'A223456909', '0912000012', 'test12@example.com', '1999-06-14', '周爸爸', '0988000012', '2024-08-05 10:05:00'),
(13, 14, 1, 3, '何俊宏', 'A123456911', '0912000013', 'test13@example.com', '1988-02-27', '何太太', '0988000013', '2024-08-05 10:10:00'),
(14, 14, 1, 3, '蘇怡君', 'A223456922', '0912000014', 'test14@example.com', '1994-08-03', '蘇媽媽', '0988000014', '2024-08-05 10:15:00'),
(15, 14, 1, 3, '高志明', 'A123456939', '0912000015', 'test15@example.com', '1985-12-12', '高太太', '0988000015', '2024-08-05 10:20:00'),
(16, 14, 1, 3, '簡詩涵', 'A223456943', '0912000016', 'test16@example.com', '2000-01-25', '簡媽媽', '0988000016', '2024-08-05 10:25:00'),
(17, 14, 1, 3, '范峻瑋', 'A123456952', '0912000017', 'test17@example.com', '1992-03-12', '范爸爸', '0988000017', '2024-08-05 10:30:00'),
(18, 14, 1, 3, '彭曉雲', 'A223456961', '0912000018', 'test18@example.com', '1995-11-20', '彭媽媽', '0988000018', '2024-08-05 10:35:00'),
(19, 14, 1, 3, '蕭家銘', 'B123456780', '0912000019', 'test19@example.com', '1988-07-05', '蕭太太', '0988000019', '2024-08-05 10:40:00'),
(20, 14, 1, 3, '潘育如', 'B223456798', '0912000020', 'test20@example.com', '1993-04-14', '潘爸爸', '0988000020', '2024-08-05 10:45:00'),
(21, 14, 1, 3, '田曼婷', 'C223456789', '0912000021', 'test21@example.com', '1996-08-25', '田媽媽', '0988000021', '2024-08-05 10:50:00'),
(22, 14, 1, 3, '任哲賢', 'C123456791', '0912000022', 'test22@example.com', '1991-12-01', '任太太', '0988000022', '2024-08-05 10:55:00');

-- 活動 15: 需 14 人 (2024-08-20)
INSERT INTO `ACTIVITY_SIGNUPS` (`USER_ID`, `ACTIVITY_ID`, `ATTENDED`, `ACTIVITY_SVC_HOURS`, `REAL_NAME`, `ID_NUMBER`, `PHONE`, `EMAIL`, `BIRTHDAY`, `EMERGENCY`, `EMERGENCY_TEL`, `CREATED_AT`) VALUES
(23, 15, 1, 3, '卓佳勳', 'D123456782', '0912000023', 'test23@example.com', '1989-05-30', '卓爸爸', '0988000023', '2024-08-10 10:00:00'),
(24, 15, 1, 3, '余若瑄', 'D223456790', '0912000024', 'test24@example.com', '1997-02-14', '余媽媽', '0988000024', '2024-08-10 10:05:00'),
(25, 15, 1, 3, '程大鈞', 'E123456783', '0912000025', 'test25@example.com', '1986-10-11', '程太太', '0988000025', '2024-08-10 10:10:00'),
(26, 15, 1, 3, '柳雅文', 'E223456791', '0912000026', 'test26@example.com', '1994-06-22', '柳媽媽', '0988000026', '2024-08-10 10:15:00'),
(27, 15, 1, 3, '蔣文傑', 'F123456784', '0912000027', 'test27@example.com', '1990-09-09', '蔣爸爸', '0988000027', '2024-08-10 10:20:00'),
(28, 15, 1, 3, '湯詩婷', 'F223456792', '0912000028', 'test28@example.com', '1998-01-30', '湯媽媽', '0988000028', '2024-08-10 10:25:00'),
(29, 15, 1, 3, '康志強', 'G123456785', '0912000029', 'test29@example.com', '1987-04-18', '康太太', '0988000029', '2024-08-10 10:30:00'),
(30, 15, 1, 3, '倪佩妤', 'G223456793', '0912000030', 'test30@example.com', '1999-12-12', '倪爸爸', '0988000030', '2024-08-10 10:35:00'),
(1, 15, 1, 3, '王小明', 'A123456789', '0912000001', 'test01@example.com', '1990-01-01', '王爸爸', '0988000001', '2024-08-10 10:40:00'),
(2, 15, 1, 3, '陳美玲', 'A223456781', '0912000002', 'test02@example.com', '1992-05-14', '陳媽媽', '0988000002', '2024-08-10 10:45:00'),
(3, 15, 1, 3, '林志豪', 'A123456819', '0912000003', 'test03@example.com', '1989-11-02', '林太太', '0988000003', '2024-08-10 10:50:00'),
(4, 15, 1, 3, '黃雅婷', 'A223456820', '0912000004', 'test04@example.com', '1995-03-21', '黃爸爸', '0988000004', '2024-08-10 10:55:00'),
(5, 15, 1, 3, '張家豪', 'A123456837', '0912000005', 'test05@example.com', '1990-07-08', '張太太', '0988000005', '2024-08-10 11:00:00'),
(6, 15, 1, 3, '李佩珊', 'A223456848', '0912000006', 'test06@example.com', '1998-12-30', '李媽媽', '0988000006', '2024-08-10 11:05:00');



-- 活動 17: 需 12 人 (2024-09-20)
INSERT INTO `ACTIVITY_SIGNUPS` (`USER_ID`, `ACTIVITY_ID`, `ATTENDED`, `ACTIVITY_SVC_HOURS`, `REAL_NAME`, `ID_NUMBER`, `PHONE`, `EMAIL`, `BIRTHDAY`, `EMERGENCY`, `EMERGENCY_TEL`, `CREATED_AT`) VALUES
(13, 17, 1, 3, '何俊宏', 'A123456911', '0912000013', 'test13@example.com', '1988-02-27', '何太太', '0988000013', '2024-09-10 10:00:00'),
(14, 17, 1, 3, '蘇怡君', 'A223456922', '0912000014', 'test14@example.com', '1994-08-03', '蘇媽媽', '0988000014', '2024-09-10 10:05:00'),
(15, 17, 1, 3, '高志明', 'A123456939', '0912000015', 'test15@example.com', '1985-12-12', '高太太', '0988000015', '2024-09-10 10:10:00'),
(16, 17, 1, 3, '簡詩涵', 'A223456943', '0912000016', 'test16@example.com', '2000-01-25', '簡媽媽', '0988000016', '2024-09-10 10:15:00'),
(17, 17, 1, 3, '范峻瑋', 'A123456952', '0912000017', 'test17@example.com', '1992-03-12', '范爸爸', '0988000017', '2024-09-10 10:20:00'),
(18, 17, 1, 3, '彭曉雲', 'A223456961', '0912000018', 'test18@example.com', '1995-11-20', '彭媽媽', '0988000018', '2024-09-10 10:25:00'),
(19, 17, 1, 3, '蕭家銘', 'B123456780', '0912000019', 'test19@example.com', '1988-07-05', '蕭太太', '0988000019', '2024-09-10 10:30:00'),
(20, 17, 1, 3, '潘育如', 'B223456798', '0912000020', 'test20@example.com', '1993-04-14', '潘爸爸', '0988000020', '2024-09-10 10:35:00'),
(21, 17, 1, 3, '田曼婷', 'C223456789', '0912000021', 'test21@example.com', '1996-08-25', '田媽媽', '0988000021', '2024-09-10 10:40:00'),
(22, 17, 1, 3, '任哲賢', 'C123456791', '0912000022', 'test22@example.com', '1991-12-01', '任太太', '0988000022', '2024-09-10 10:45:00'),
(23, 17, 1, 3, '卓佳勳', 'D123456782', '0912000023', 'test23@example.com', '1989-05-30', '卓爸爸', '0988000023', '2024-09-10 10:50:00'),
(24, 17, 1, 3, '余若瑄', 'D223456790', '0912000024', 'test24@example.com', '1997-02-14', '余媽媽', '0988000024', '2024-09-10 10:55:00');

-- 活動 18: 需 15 人 (2024-10-19)
INSERT INTO `ACTIVITY_SIGNUPS` (`USER_ID`, `ACTIVITY_ID`, `ATTENDED`, `ACTIVITY_SVC_HOURS`, `REAL_NAME`, `ID_NUMBER`, `PHONE`, `EMAIL`, `BIRTHDAY`, `EMERGENCY`, `EMERGENCY_TEL`, `CREATED_AT`) VALUES
(25, 18, 1, 3, '程大鈞', 'E123456783', '0912000025', 'test25@example.com', '1986-10-11', '程太太', '0988000025', '2024-10-01 10:00:00'),
(26, 18, 1, 3, '柳雅文', 'E223456791', '0912000026', 'test26@example.com', '1994-06-22', '柳媽媽', '0988000026', '2024-10-01 10:05:00'),
(27, 18, 1, 3, '蔣文傑', 'F123456784', '0912000027', 'test27@example.com', '1990-09-09', '蔣爸爸', '0988000027', '2024-10-01 10:10:00'),
(28, 18, 1, 3, '湯詩婷', 'F223456792', '0912000028', 'test28@example.com', '1998-01-30', '湯媽媽', '0988000028', '2024-10-01 10:15:00'),
(29, 18, 1, 3, '康志強', 'G123456785', '0912000029', 'test29@example.com', '1987-04-18', '康太太', '0988000029', '2024-10-01 10:20:00'),
(30, 18, 1, 3, '倪佩妤', 'G223456793', '0912000030', 'test30@example.com', '1999-12-12', '倪爸爸', '0988000030', '2024-10-01 10:25:00'),
(1, 18, 1, 3, '王小明', 'A123456789', '0912000001', 'test01@example.com', '1990-01-01', '王爸爸', '0988000001', '2024-10-01 10:30:00'),
(2, 18, 1, 3, '陳美玲', 'A223456781', '0912000002', 'test02@example.com', '1992-05-14', '陳媽媽', '0988000002', '2024-10-01 10:35:00'),
(3, 18, 1, 3, '林志豪', 'A123456819', '0912000003', 'test03@example.com', '1989-11-02', '林太太', '0988000003', '2024-10-01 10:40:00'),
(4, 18, 1, 3, '黃雅婷', 'A223456820', '0912000004', 'test04@example.com', '1995-03-21', '黃爸爸', '0988000004', '2024-10-01 10:45:00'),
(5, 18, 1, 3, '張家豪', 'A123456837', '0912000005', 'test05@example.com', '1990-07-08', '張太太', '0988000005', '2024-10-01 10:50:00'),
(6, 18, 1, 3, '李佩珊', 'A223456848', '0912000006', 'test06@example.com', '1998-12-30', '李媽媽', '0988000006', '2024-10-01 10:55:00'),
(7, 18, 1, 3, '吳承翰', 'A123456855', '0912000007', 'test07@example.com', '1987-01-19', '吳媽媽', '0988000007', '2024-10-01 11:00:00'),
(8, 18, 1, 3, '蔡依庭', 'A223456866', '0912000008', 'test08@example.com', '1996-09-11', '蔡爸爸', '0988000008', '2024-10-01 11:05:00'),
(9, 18, 1, 3, '劉冠廷', 'A123456873', '0912000009', 'test09@example.com', '1991-04-05', '劉太太', '0988000009', '2024-10-01 11:10:00');

-- 活動 19: 需 15 人 (2026-02-07, 尚未開始)
INSERT INTO `ACTIVITY_SIGNUPS` (`USER_ID`, `ACTIVITY_ID`, `ATTENDED`, `ACTIVITY_SVC_HOURS`, `REAL_NAME`, `ID_NUMBER`, `PHONE`, `EMAIL`, `BIRTHDAY`, `EMERGENCY`, `EMERGENCY_TEL`, `CREATED_AT`) VALUES
(10, 19, 0, 0, '鄭宇軒', 'A223456781', '0912000010', 'test10@example.com', '1993-06-18', '鄭媽媽', '0988000010', '2026-01-02 10:00:00'),
(11, 19, 0, 0, '許佳穎', 'A223456781', '0912000011', 'test11@example.com', '1997-10-09', '許媽媽', '0988000011', '2026-01-02 10:05:00'),
(12, 19, 0, 0, '周子瑜', 'A223456781', '0912000012', 'test12@example.com', '1999-06-14', '周爸爸', '0988000012', '2026-01-02 10:10:00'),
(13, 19, 0, 0, '何俊宏', 'A223456781', '0912000013', 'test13@example.com', '1988-02-27', '何太太', '0988000013', '2026-01-02 10:15:00'),
(14, 19, 0, 0, '蘇怡君', 'A223456781', '0912000014', 'test14@example.com', '1994-08-03', '蘇媽媽', '0988000014', '2026-01-02 10:20:00'),
(15, 19, 0, 0, '高志明', 'A223456781', '0912000015', 'test15@example.com', '1985-12-12', '高太太', '0988000015', '2026-01-02 10:25:00'),
(16, 19, 0, 0, '簡詩涵', 'A223456781', '0912000016', 'test16@example.com', '2000-01-25', '簡媽媽', '0988000016', '2026-01-02 10:30:00'),
(17, 19, 0, 0, '范峻瑋', 'A123456952', '0912000017', 'test17@example.com', '1992-03-12', '范爸爸', '0988000017', '2026-01-02 10:35:00'),
(18, 19, 0, 0, '彭曉雲', 'A223456781', '0912000018', 'test18@example.com', '1995-11-20', '彭媽媽', '0988000018', '2026-01-02 10:40:00'),
(19, 19, 0, 0, '蕭家銘', 'A223456781', '0912000019', 'test19@example.com', '1988-07-05', '蕭太太', '0988000019', '2026-01-02 10:45:00'),
(20, 19, 0, 0, '潘育如', 'B223456798', '0912000020', 'test20@example.com', '1993-04-14', '潘爸爸', '0988000020', '2026-01-02 10:50:00'),
(21, 19, 0, 0, '田曼婷', 'C223456789', '0912000021', 'test21@example.com', '1996-08-25', '田媽媽', '0988000021', '2026-01-02 10:55:00'),
(22, 19, 0, 0, '任哲賢', 'C123456791', '0912000022', 'test22@example.com', '1991-12-01', '任太太', '0988000022', '2026-01-02 11:00:00'),
(23, 19, 0, 0, '卓佳勳', 'D123456782', '0912000023', 'test23@example.com', '1989-05-30', '卓爸爸', '0988000023', '2026-01-02 11:05:00'),
(24, 19, 0, 0, '余若瑄', 'D223456790', '0912000024', 'test24@example.com', '1997-02-14', '余媽媽', '0988000024', '2026-01-02 11:10:00');

-- 活動 20: 需 15 人 (2026-02-28, 尚未開始)
INSERT INTO `ACTIVITY_SIGNUPS` (`USER_ID`, `ACTIVITY_ID`, `ATTENDED`, `ACTIVITY_SVC_HOURS`, `REAL_NAME`, `ID_NUMBER`, `PHONE`, `EMAIL`, `BIRTHDAY`, `EMERGENCY`, `EMERGENCY_TEL`, `CREATED_AT`) VALUES
(25, 20, 0, 0, '程大鈞', 'E123456783', '0912000025', 'test25@example.com', '1986-10-11', '程太太', '0988000025', '2026-01-20 10:00:00'),
(26, 20, 0, 0, '柳雅文', 'E223456791', '0912000026', 'test26@example.com', '1994-06-22', '柳媽媽', '0988000026', '2026-01-20 10:05:00'),
(27, 20, 0, 0, '蔣文傑', 'F123456784', '0912000027', 'test27@example.com', '1990-09-09', '蔣爸爸', '0988000027', '2026-01-20 10:10:00'),
(28, 20, 0, 0, '湯詩婷', 'F223456792', '0912000028', 'test28@example.com', '1998-01-30', '湯媽媽', '0988000028', '2026-01-20 10:15:00'),
(29, 20, 0, 0, '康志強', 'G123456785', '0912000029', 'test29@example.com', '1987-04-18', '康太太', '0988000029', '2026-01-20 10:20:00'),
(30, 20, 0, 0, '倪佩妤', 'G223456793', '0912000030', 'test30@example.com', '1999-12-12', '倪爸爸', '0988000030', '2026-01-20 10:25:00'),
(1, 20, 0, 0, '王小明', 'A123456789', '0912000001', 'test01@example.com', '1990-01-01', '王爸爸', '0988000001', '2026-01-20 10:30:00'),
(2, 20, 0, 0, '陳美玲', 'A223456781', '0912000002', 'test02@example.com', '1992-05-14', '陳媽媽', '0988000002', '2026-01-20 10:35:00'),
(3, 20, 0, 0, '林志豪', 'A123456819', '0912000003', 'test03@example.com', '1989-11-02', '林太太', '0988000003', '2026-01-20 10:40:00'),
(4, 20, 0, 0, '黃雅婷', 'A223456820', '0912000004', 'test04@example.com', '1995-03-21', '黃爸爸', '0988000004', '2026-01-20 10:45:00'),
(5, 20, 0, 0, '張家豪', 'A123456837', '0912000005', 'test05@example.com', '1990-07-08', '張太太', '0988000005', '2026-01-20 10:50:00'),
(6, 20, 0, 0, '李佩珊', 'A223456848', '0912000006', 'test06@example.com', '1998-12-30', '李媽媽', '0988000006', '2026-01-20 10:55:00'),
(7, 20, 0, 0, '吳承翰', 'A123456855', '0912000007', 'test07@example.com', '1987-01-19', '吳媽媽', '0988000007', '2026-01-20 11:00:00'),
(8, 20, 0, 0, '蔡依庭', 'A223456866', '0912000008', 'test08@example.com', '1996-09-11', '蔡爸爸', '0988000008', '2026-01-20 11:05:00'),
(9, 20, 0, 0, '劉冠廷', 'A123456873', '0912000009', 'test09@example.com', '1991-04-05', '劉太太', '0988000009', '2026-01-20 11:10:00');

-- 活動 21: 需 10 人 (2026-03-07)
INSERT INTO `ACTIVITY_SIGNUPS` (`USER_ID`, `ACTIVITY_ID`, `ATTENDED`, `ACTIVITY_SVC_HOURS`, `REAL_NAME`, `ID_NUMBER`, `PHONE`, `EMAIL`, `BIRTHDAY`, `EMERGENCY`, `EMERGENCY_TEL`, `CREATED_AT`) VALUES
(1, 20, 0, 0, '王小明', 'A123456789', '0912000001', 'test01@example.com', '1990-01-01', '王爸爸', '0988000001', '2026-01-20 10:30:00'),
(2, 20, 0, 0, '陳美玲', 'A223456781', '0912000002', 'test02@example.com', '1992-05-14', '陳媽媽', '0988000002', '2026-01-20 10:35:00'),
(3, 20, 0, 0, '林志豪', 'A123456819', '0912000003', 'test03@example.com', '1989-11-02', '林太太', '0988000003', '2026-01-20 10:40:00'),
(4, 20, 0, 0, '黃雅婷', 'A223456820', '0912000004', 'test04@example.com', '1995-03-21', '黃爸爸', '0988000004', '2026-01-20 10:45:00'),
(7, 21, 1, 3, '吳承翰', 'A123456855', '0912000007', 'test07@example.com', '1987-01-19', '吳媽媽', '0988000007', '2024-09-01 10:00:00'),
(8, 21, 1, 3, '蔡依庭', 'A223456866', '0912000008', 'test08@example.com', '1996-09-11', '蔡爸爸', '0988000008', '2024-09-01 10:05:00'),
(9, 21, 1, 3, '劉冠廷', 'A123456873', '0912000009', 'test09@example.com', '1991-04-05', '劉太太', '0988000009', '2024-09-01 10:10:00'),
(10, 21, 1, 3, '鄭宇軒', 'A123456882', '0912000010', 'test10@example.com', '1993-06-18', '鄭媽媽', '0988000010', '2024-09-01 10:15:00'),
(11, 21, 1, 3, '許佳穎', 'A223456893', '0912000011', 'test11@example.com', '1997-10-09', '許媽媽', '0988000011', '2024-09-01 10:20:00'),
(12, 21, 1, 3, '周子瑜', 'A223456909', '0912000012', 'test12@example.com', '1999-06-14', '周爸爸', '0988000012', '2024-09-01 10:25:00');

-- 活動 22: 需 7 人 (2026-03-22)
INSERT INTO `ACTIVITY_SIGNUPS` (`USER_ID`, `ACTIVITY_ID`, `ATTENDED`, `ACTIVITY_SVC_HOURS`, `REAL_NAME`, `ID_NUMBER`, `PHONE`, `EMAIL`, `BIRTHDAY`, `EMERGENCY`, `EMERGENCY_TEL`, `CREATED_AT`) VALUES
(10, 22, 0, 0, '鄭宇軒', 'A123456882', '0912000010', 'test10@example.com', '1993-06-18', '鄭媽媽', '0988000010', '2026-01-25 10:00:00'),
(11, 22, 0, 0, '許佳穎', 'A223456893', '0912000011', 'test11@example.com', '1997-10-09', '許媽媽', '0988000011', '2026-01-25 10:05:00'),
(12, 22, 0, 0, '周子瑜', 'A223456909', '0912000012', 'test12@example.com', '1999-06-14', '周爸爸', '0988000012', '2026-01-25 10:10:00'),
(13, 22, 0, 0, '何俊宏', 'A123456911', '0912000013', 'test13@example.com', '1988-02-27', '何太太', '0988000013', '2026-01-25 10:15:00'),
(14, 22, 0, 0, '蘇怡君', 'A223456922', '0912000014', 'test14@example.com', '1994-08-03', '蘇媽媽', '0988000014', '2026-01-25 10:20:00'),
(15, 22, 0, 0, '高志明', 'A123456939', '0912000015', 'test15@example.com', '1985-12-12', '高太太', '0988000015', '2026-01-25 10:25:00'),
(16, 22, 0, 0, '簡詩涵', 'A223456943', '0912000016', 'test16@example.com', '2000-01-25', '簡媽媽', '0988000016', '2026-01-25 10:30:00');

-- 活動 23: 需 20 人 (2026-04-11)
INSERT INTO `ACTIVITY_SIGNUPS` (`USER_ID`, `ACTIVITY_ID`, `ATTENDED`, `ACTIVITY_SVC_HOURS`, `REAL_NAME`, `ID_NUMBER`, `PHONE`, `EMAIL`, `BIRTHDAY`, `EMERGENCY`, `EMERGENCY_TEL`, `CREATED_AT`) VALUES
(16, 23, 1, 3, '簡詩涵', 'A223456943', '0912000016', 'test16@example.com', '2000-01-25', '簡媽媽', '0988000016', '2026-01-30 10:00:00'),
(17, 23, 1, 3, '范峻瑋', 'A123456952', '0912000017', 'test17@example.com', '1992-03-12', '范爸爸', '0988000017', '2026-01-30 10:00:00'),
(18, 23, 1, 3, '彭曉雲', 'A223456961', '0912000018', 'test18@example.com', '1995-11-20', '彭媽媽', '0988000018', '2026-01-30 10:00:00'),
(19, 23, 1, 3, '蕭家銘', 'B123456780', '0912000019', 'test19@example.com', '1988-07-05', '蕭太太', '0988000019', '2026-01-30 10:00:00'),
(20, 23, 1, 3, '潘育如', 'B223456798', '0912000020', 'test20@example.com', '1993-04-14', '潘爸爸', '0988000020', '2026-01-30 10:00:00'),
(21, 23, 1, 3, '田曼婷', 'C223456789', '0912000021', 'test21@example.com', '1996-08-25', '田媽媽', '0988000021', '2026-01-30 10:00:00'),
(22, 23, 1, 3, '任哲賢', 'C123456791', '0912000022', 'test22@example.com', '1991-12-01', '任太太', '0988000022', '2026-01-30 10:00:00'),
(23, 23, 1, 3, '卓佳勳', 'D123456782', '0912000023', 'test23@example.com', '1989-05-30', '卓爸爸', '0988000023', '2026-01-30 10:00:00'),
(24, 23, 1, 3, '余若瑄', 'D223456790', '0912000024', 'test24@example.com', '1997-02-14', '余媽媽', '0988000024', '2026-01-30 10:00:00'),
(25, 23, 1, 3, '程大鈞', 'E123456783', '0912000025', 'test25@example.com', '1986-10-11', '程太太', '0988000025', '2026-01-30 10:00:00'),
(26, 23, 1, 3, '柳雅文', 'E223456791', '0912000026', 'test26@example.com', '1994-06-22', '柳媽媽', '0988000026', '2026-01-30 10:00:00'),
(27, 23, 1, 3, '蔣文傑', 'F123456784', '0912000027', 'test27@example.com', '1990-09-09', '蔣爸爸', '0988000027', '2026-01-30 10:00:00'),
(28, 23, 1, 3, '湯詩婷', 'F223456792', '0912000028', 'test28@example.com', '1998-01-30', '湯媽媽', '0988000028', '2026-01-30 10:00:00');;

-- 活動 24: 需 4 人 (2026-04-12)
INSERT INTO `ACTIVITY_SIGNUPS` (`USER_ID`, `ACTIVITY_ID`, `ATTENDED`, `ACTIVITY_SVC_HOURS`, `REAL_NAME`, `ID_NUMBER`, `PHONE`, `EMAIL`, `BIRTHDAY`, `EMERGENCY`, `EMERGENCY_TEL`, `CREATED_AT`) VALUES
(19, 24, 0, 0, '蕭家銘', 'B123456780', '0912000019', 'test19@example.com', '1988-07-05', '蕭太太', '0988000019', '2026-01-28 10:00:00'),
(20, 24, 0, 0, '潘育如', 'B223456798', '0912000020', 'test20@example.com', '1993-04-14', '潘爸爸', '0988000020', '2026-01-28 10:05:00'),
(21, 24, 0, 0, '田曼婷', 'C223456789', '0912000021', 'test21@example.com', '1996-08-25', '田媽媽', '0988000021', '2026-01-28 10:10:00'),
(22, 24, 0, 0, '任哲賢', 'C123456791', '0912000022', 'test22@example.com', '1991-12-01', '任太太', '0988000022', '2026-01-28 10:15:00');

-- 活動 25: 需 5 人 (2026-04-18)
INSERT INTO `ACTIVITY_SIGNUPS` (`USER_ID`, `ACTIVITY_ID`, `ATTENDED`, `ACTIVITY_SVC_HOURS`, `REAL_NAME`, `ID_NUMBER`, `PHONE`, `EMAIL`, `BIRTHDAY`, `EMERGENCY`, `EMERGENCY_TEL`, `CREATED_AT`) VALUES
(23, 25, 0, 0, '卓佳勳', 'D123456782', '0912000023', 'test23@example.com', '1989-05-30', '卓爸爸', '0988000023', '2026-01-31 09:00:00'),
(24, 25, 0, 0, '余若瑄', 'D223456790', '0912000024', 'test24@example.com', '1997-02-14', '余媽媽', '0988000024', '2026-01-31 09:05:00'),
(25, 25, 0, 0, '程大鈞', 'E123456783', '0912000025', 'test25@example.com', '1986-10-11', '程太太', '0988000025', '2026-01-31 09:10:00'),
(26, 25, 0, 0, '柳雅文', 'E223456791', '0912000026', 'test26@example.com', '1994-06-22', '柳媽媽', '0988000026', '2026-01-31 09:15:00'),
(27, 25, 0, 0, '蔣文傑', 'F123456784', '0912000027', 'test27@example.com', '1990-09-09', '蔣爸爸', '0988000027', '2026-01-31 09:20:00');

-- 活動 26, 27: 需 0 人 (尚未開始)
-- 無人報名

-- 活動 28: 需 3 人 (2026-05-17)
INSERT INTO `ACTIVITY_SIGNUPS` (`USER_ID`, `ACTIVITY_ID`, `ATTENDED`, `ACTIVITY_SVC_HOURS`, `REAL_NAME`, `ID_NUMBER`, `PHONE`, `EMAIL`, `BIRTHDAY`, `EMERGENCY`, `EMERGENCY_TEL`, `CREATED_AT`) VALUES
(28, 28, 0, 0, '湯詩婷', 'F223456792', '0912000028', 'test28@example.com', '1998-01-30', '湯媽媽', '0988000028', '2026-01-31 09:30:00'),
(29, 28, 0, 0, '康志強', 'G123456785', '0912000029', 'test29@example.com', '1987-04-18', '康太太', '0988000029', '2026-01-31 09:35:00'),
(30, 28, 0, 0, '倪佩妤', 'G223456793', '0912000030', 'test30@example.com', '1999-12-12', '倪爸爸', '0988000030', '2026-01-31 09:40:00');





-- --------------------------------------------------------

--
-- 資料表結構 `ADMIN_USER`
--

CREATE TABLE `ADMIN_USER` (
  `ADMIN_ID` varchar(20) NOT NULL COMMENT '管理者帳號 / ID',
  `ADMIN_NAME` varchar(50) NOT NULL COMMENT '管理者姓名',
  `ADMIN_PWD` varchar(100) NOT NULL COMMENT '管理者登入密碼（雜湊）',
  `ADMIN_ROLE` varchar(10) NOT NULL COMMENT '管理者角色權限',
  `ADMIN_ACTIVE` tinyint(1) NOT NULL DEFAULT '1' COMMENT '管理者帳號啟用狀態',
  `ADMIN_CREATED_AT` datetime NOT NULL DEFAULT CURRENT_TIMESTAMP COMMENT '管理者帳號建立時間',
  `ADMIN_LAST_LOGIN_TIME` datetime DEFAULT NULL COMMENT '管理者最後登入時間'
) ENGINE=InnoDB DEFAULT CHARSET=utf8mb4 COMMENT='後台管理者';

--
-- 傾印資料表的資料 `ADMIN_USER`
--

INSERT INTO `ADMIN_USER` (`ADMIN_ID`, `ADMIN_NAME`, `ADMIN_PWD`, `ADMIN_ROLE`, `ADMIN_ACTIVE`, `ADMIN_CREATED_AT`, `ADMIN_LAST_LOGIN_TIME`) VALUES
('admin001', '管理員一', '$2y$10$n.vPvLKvr9cYYQK.T7qHAOvsqi1Z19DPy/pDNSdwkS/qjb5kXqufW', 'super', 1, '2026-01-31 13:17:00', NULL),
('admin002', '管理員二', '$2y$10$n.vPvLKvr9cYYQK.T7qHAOvsqi1Z19DPy/pDNSdwkS/qjb5kXqufW', 'general', 1, '2026-01-31 13:17:00', NULL),
('admin003', '管理員三', '$2y$10$n.vPvLKvr9cYYQK.T7qHAOvsqi1Z19DPy/pDNSdwkS/qjb5kXqufW', 'general', 1, '2026-01-31 13:17:00', NULL);

-- --------------------------------------------------------

--
-- 資料表結構 `DONATIONS`
--

CREATE TABLE `DONATIONS` (
  `DONATION_ID` int(11) NOT NULL COMMENT '捐款編號',
  `MEMBER_ID` int(11) NOT NULL COMMENT '會員識別編號',
  `AMOUNT` int(11) NOT NULL COMMENT '捐款金額',
  `DONATION_DATE` datetime NOT NULL DEFAULT CURRENT_TIMESTAMP COMMENT '捐款時間',
  `SUBSCRIPTION_ID` int(11) DEFAULT NULL COMMENT '定期定額捐款編號',
  `PAYMENT_METHOD` varchar(20) NOT NULL COMMENT '金流類型(信用卡、LINE_PAY)',
  `DONATION_TYPE` varchar(20) NOT NULL COMMENT '捐款類型(單次捐款、定期定額)',
  `TRANSACTION_ID` varchar(100) NOT NULL COMMENT '交易編號'
) ENGINE=InnoDB DEFAULT CHARSET=utf8mb4;

--
-- 傾印資料表的資料 `DONATIONS`
--

INSERT INTO `DONATIONS` (`DONATION_ID`, `MEMBER_ID`, `AMOUNT`, `DONATION_DATE`, `SUBSCRIPTION_ID`, `PAYMENT_METHOD`, `DONATION_TYPE`, `TRANSACTION_ID`) VALUES
(55, 1, 5566, '2026-01-29 18:35:04', NULL, '信用卡', '單次捐款', '2601291834458806'),
(60, 1, 5000, '2026-01-29 19:40:46', NULL, 'LINE_PAY', '單次捐款', '2026012902335025210'),
(63, 1, 9898, '2026-01-30 11:16:31', NULL, 'LINE_PAY', '單次捐款', '2026013002335076510'),
(64, 1, 5151, '2026-01-30 11:17:33', NULL, '信用卡', '單次捐款', '2601301117109271'),
(65, 1, 5000, '2026-02-08 15:37:49', NULL, 'LINE_PAY', '單次捐款', '2026020802336026510'),
(66, 1, 3000, '2026-02-08 15:38:28', NULL, '信用卡', '單次捐款', '2602081538100241'),
(67, 2, 1000, '2026-02-08 15:40:17', 135, '信用卡', '定期定額', '2602081539580242'),
(68, 3, 333, '2026-02-08 15:41:21', NULL, 'LINE_PAY', '單次捐款', '2026020802336026710'),
(69, 3, 1487, '2026-02-08 15:41:54', 136, '信用卡', '定期定額', '2602081541380243'),
(71, 7, 8765, '2026-02-08 15:44:39', NULL, 'LINE_PAY', '單次捐款', '2026020802336026810'),
(72, 1, 7777, '2026-02-08 15:45:05', 138, '信用卡', '定期定額', '2602081536220238'),
(73, 7, 8000, '2026-02-08 15:45:23', NULL, '信用卡', '單次捐款', '2602081545000247'),
(74, 5, 9999, '2026-02-08 15:46:35', NULL, 'LINE_PAY', '單次捐款', '2026020802336026910'),
(75, 3, 5000, '2026-02-08 15:47:43', NULL, 'LINE_PAY', '單次捐款', '2026020802336027010'),
(76, 3, 9898, '2026-02-08 15:48:27', NULL, '信用卡', '單次捐款', '2602081548050250'),
(77, 7, 1234, '2026-02-08 15:49:30', 139, '信用卡', '定期定額', '2602081549120253'),
(78, 9, 9999, '2026-02-08 15:52:17', NULL, 'LINE_PAY', '單次捐款', '2026020802336027410'),
(79, 9, 9999, '2026-02-08 15:52:46', NULL, 'LINE_PAY', '單次捐款', '2026020802336027510'),
(80, 9, 8888, '2026-02-08 15:53:30', 140, '信用卡', '定期定額', '2602081553070256'),
(81, 7, 5000, '2026-02-08 15:54:40', NULL, 'LINE_PAY', '單次捐款', '2026020802336027610'),
(82, 7, 99999, '2026-02-08 15:56:11', NULL, '信用卡', '單次捐款', '2602081555510260'),
(83, 2, 88888, '2026-02-08 15:57:17', NULL, '信用卡', '單次捐款', '2602081556520261'),
(84, 3, 98989, '2026-02-08 15:58:13', NULL, '信用卡', '單次捐款', '2602081557560263');

-- --------------------------------------------------------

--
-- 資料表結構 `FAVORITES`
--

CREATE TABLE `FAVORITES` (
  `MEMBER_ID` int(11) NOT NULL COMMENT '會員ID',
  `ACTIVITY_ID` int(11) NOT NULL COMMENT '活動ID',
  `CREATED_AT` datetime DEFAULT CURRENT_TIMESTAMP
) ENGINE=InnoDB DEFAULT CHARSET=utf8mb4;

--
-- 傾印資料表的資料 `FAVORITES`
--

INSERT INTO `FAVORITES` (`MEMBER_ID`, `ACTIVITY_ID`, `CREATED_AT`) VALUES
(1, 1, '2026-01-31 13:17:01');

-- --------------------------------------------------------

--
-- 資料表結構 `FINANCIAL_REPORTS`
--

CREATE TABLE `FINANCIAL_REPORTS` (
  `FINANCIAL_REPORT_ID` int(11) NOT NULL COMMENT '徵信資料編號',
  `DATA_YEAR` year(4) NOT NULL COMMENT '資料年份',
  `UPLOAD_DATE` datetime NOT NULL DEFAULT CURRENT_TIMESTAMP COMMENT '上傳時間',
  `FILE_PATH` varchar(255) NOT NULL COMMENT '檔案路徑'
) ENGINE=InnoDB DEFAULT CHARSET=utf8mb4;

--
-- 傾印資料表的資料 `FINANCIAL_REPORTS`
--

INSERT INTO `FINANCIAL_REPORTS` (`FINANCIAL_REPORT_ID`, `DATA_YEAR`, `UPLOAD_DATE`, `FILE_PATH`) VALUES
(3, 2023, '2024-02-10 14:20:00', 'reports/financial_report_2023.png'),
(4, 2022, '2023-01-20 09:00:00', 'reports/financial_report_2022.png'),
(5, 2021, '2022-03-05 16:45:00', 'reports/financial_report_2021.png'),
(6, 2016, '2026-02-08 15:17:36', 'reports/financial_report_2016.jpg'),
(7, 2017, '2026-02-08 15:17:45', 'reports/financial_report_2017.png'),
(8, 2018, '2026-02-08 15:17:55', 'reports/financial_report_2018.png'),
(9, 2019, '2026-02-08 15:18:04', 'reports/financial_report_2019.png'),
(10, 2020, '2026-02-08 15:18:12', 'reports/financial_report_2020.png'),
(11, 2024, '2026-02-08 15:19:07', 'reports/financial_report_2024.png');

-- --------------------------------------------------------

--
-- 資料表結構 `IMPACT_METRICS`
--

CREATE TABLE `IMPACT_METRICS` (
  `IMPACT_METRICS_ID` int(11) NOT NULL COMMENT '我們的影響力編號',
  `DATA_YEAR` year(4) NOT NULL COMMENT '資料年份',
  `UPLOAD_DATE` datetime NOT NULL DEFAULT CURRENT_TIMESTAMP COMMENT '上傳時間',
  `TURTLES_IN_REHAB` int(11) NOT NULL DEFAULT '0' COMMENT '治療中海龜總數',
  `TURTLES_RELEASED` int(11) NOT NULL DEFAULT '0' COMMENT '治療中已野放海龜總數',
  `HATCHLINGS_GUIDED` int(11) NOT NULL DEFAULT '0' COMMENT '引導入海幼龜數量',
  `COASTLINE_PATROLLED` int(11) NOT NULL DEFAULT '0' COMMENT '巡邏海岸線公里數',
  `MEDICAL_SURGERIES` int(11) NOT NULL DEFAULT '0' COMMENT '專業醫療手術場次',
  `TOTAL_WASTE` decimal(10,2) NOT NULL DEFAULT '0.00' COMMENT '廢棄物總計',
  `PET_BOTTLES` decimal(10,2) NOT NULL DEFAULT '0.00' COMMENT '寶特瓶重量',
  `IRON_CANS` decimal(10,2) NOT NULL DEFAULT '0.00' COMMENT '鐵罐重量',
  `ALUMINUM_CANS` decimal(10,2) NOT NULL DEFAULT '0.00' COMMENT '鋁罐重量',
  `WASTE_PAPER` decimal(10,2) NOT NULL DEFAULT '0.00' COMMENT '廢紙重量',
  `GLASS_BOTTLES` decimal(10,2) NOT NULL DEFAULT '0.00' COMMENT '玻璃瓶重量',
  `STYROFOAM` decimal(10,2) NOT NULL DEFAULT '0.00' COMMENT '保麗龍重量',
  `BAMBOO_WOOD` decimal(10,2) NOT NULL DEFAULT '0.00' COMMENT '竹木重量',
  `FISHING_GEAR` decimal(10,2) NOT NULL DEFAULT '0.00' COMMENT '廢漁具漁網重量',
  `UNSORTED_WASTE` decimal(10,2) NOT NULL DEFAULT '0.00' COMMENT '無法分類廢棄物重量'
) ENGINE=InnoDB DEFAULT CHARSET=utf8mb4;

--
-- 傾印資料表的資料 `IMPACT_METRICS`
--

INSERT INTO `IMPACT_METRICS` (`IMPACT_METRICS_ID`, `DATA_YEAR`, `UPLOAD_DATE`, `TURTLES_IN_REHAB`, `TURTLES_RELEASED`, `HATCHLINGS_GUIDED`, `COASTLINE_PATROLLED`, `MEDICAL_SURGERIES`, `TOTAL_WASTE`, `PET_BOTTLES`, `IRON_CANS`, `ALUMINUM_CANS`, `WASTE_PAPER`, `GLASS_BOTTLES`, `STYROFOAM`, `BAMBOO_WOOD`, `FISHING_GEAR`, `UNSORTED_WASTE`) VALUES
(3, 2023, '2026-02-08 15:33:08', 520, 225, 492, 18200, 95, '28500.00', '5400.00', '950.00', '820.00', '1400.00', '2200.00', '2000.00', '3900.00', '8500.00', '2630.00'),
(4, 2022, '2026-02-08 15:33:18', 442, 184, 438, 16500, 87, '25280.00', '4800.00', '850.00', '650.00', '1250.00', '1950.00', '2400.00', '4000.00', '7600.00', '1280.00'),
(5, 2021, '2026-01-24 11:06:29', 433, 190, 395, 14800, 76, '22290.00', '4200.00', '760.00', '580.00', '1100.00', '1700.00', '2100.00', '3100.00', '6800.00', '1950.00'),
(6, 2020, '2026-02-08 15:33:31', 385, 182, 342, 12600, 64, '19530.00', '5650.00', '980.00', '520.00', '980.00', '1480.00', '850.00', '2750.00', '5900.00', '1720.00'),
(7, 2019, '2026-01-24 11:06:29', 312, 153, 298, 10900, 55, '16960.00', '3100.00', '590.00', '460.00', '850.00', '1280.00', '1600.00', '2400.00', '5200.00', '1480.00'),
(8, 2018, '2026-02-08 15:34:14', 256, 133, 264, 9500, 47, '14810.00', '2050.00', '520.00', '410.00', '1040.00', '1120.00', '1380.00', '1100.00', '7600.00', '290.00'),
(9, 2017, '2026-01-24 11:06:29', 298, 108, 225, 8200, 38, '12530.00', '2180.00', '450.00', '360.00', '630.00', '950.00', '1180.00', '1800.00', '3900.00', '1080.00'),
(10, 2016, '2026-02-08 15:34:32', 242, 121, 186, 7100, 31, '10800.00', '1850.00', '190.00', '710.00', '540.00', '820.00', '720.00', '2550.00', '3400.00', '920.00'),
(11, 2015, '2026-01-24 11:06:29', 198, 94, 152, 6200, 26, '9350.00', '1580.00', '340.00', '270.00', '470.00', '710.00', '890.00', '1350.00', '2950.00', '790.00'),
(12, 2014, '2026-01-24 11:06:29', 162, 90, 124, 5400, 21, '8130.00', '1350.00', '295.00', '235.00', '410.00', '620.00', '780.00', '1180.00', '2580.00', '680.00'),
(13, 2024, '2026-02-08 15:32:55', 550, 242, 550, 19962, 110, '32000.00', '6300.00', '1050.00', '770.00', '1150.00', '2000.00', '2500.00', '4100.00', '10000.00', '3150.00');

-- --------------------------------------------------------

--
-- 資料表結構 `MEMBERS`
--

CREATE TABLE `MEMBERS` (
  `MEMBER_ID` int(11) NOT NULL COMMENT '會員識別編號',
  `MEMBER_REALNAME` varchar(50) NOT NULL COMMENT '會員姓名',
  `MEMBER_EMAIL` varchar(100) NOT NULL COMMENT '會員 Email（登入帳號）',
  `MEMBER_PASSWORD` varchar(255) NOT NULL COMMENT '會員登入密碼（bcrypt 雜湊）',
  `MEMBER_PHONE` varchar(20) DEFAULT NULL COMMENT '聯絡電話',
  `ID_NUMBER` varchar(10) DEFAULT NULL COMMENT '身分證字號',
  `BIRTHDAY` date DEFAULT NULL COMMENT '出生年月日',
  `EMERGENCY` varchar(20) DEFAULT NULL COMMENT '緊急聯絡人',
  `EMERGENCY_TEL` varchar(20) DEFAULT NULL COMMENT '緊急聯絡電話',
  `EMAIL_VERIFIED_AT` datetime DEFAULT NULL COMMENT 'Email 驗證成功時間',
  `MEMBER_ACTIVE` tinyint(1) NOT NULL DEFAULT '0' COMMENT '會員啟用狀態（0未啟用/1啟用）',
  `MEMBER_CREATED_AT` datetime NOT NULL DEFAULT CURRENT_TIMESTAMP COMMENT '會員建立時間'
) ENGINE=InnoDB DEFAULT CHARSET=utf8mb4 COMMENT='前台會員資料';

--
-- 傾印資料表的資料 `MEMBERS`
--

INSERT INTO `MEMBERS` 
(`MEMBER_ID`, `MEMBER_REALNAME`, `MEMBER_EMAIL`, `MEMBER_PASSWORD`, `MEMBER_PHONE`, `ID_NUMBER`, `BIRTHDAY`, `EMERGENCY`, `EMERGENCY_TEL`, `EMAIL_VERIFIED_AT`, `MEMBER_ACTIVE`, `MEMBER_CREATED_AT`) 
VALUES
(1, '王小明', 'test01@example.com', '$2y$10$vJ.78xL5xOjHlzz2MygK4OOXN/Ru2wuL60iTVXO0iYMibYK6uPZ02', '0912000001', 'A123456789', '1990-01-01', '王爸爸', '0988000001', '2026-01-31 13:17:00', 1, '2026-01-31 13:17:00'),
(2, '陳美玲', 'test02@example.com', '$2y$10$vJ.78xL5xOjHlzz2MygK4OOXN/Ru2wuL60iTVXO0iYMibYK6uPZ02', '0912000002', 'A223456781', '1992-05-14', '陳媽媽', '0988000002', '2026-01-31 13:20:00', 1, '2026-01-31 13:20:00'),
(3, '林志豪', 'test03@example.com', '$2y$10$vJ.78xL5xOjHlzz2MygK4OOXN/Ru2wuL60iTVXO0iYMibYK6uPZ02', '0912000003', 'A123456789', '1989-11-02', '林太太', '0988000003', '2026-01-31 13:25:00', 1, '2026-01-31 13:25:00'),
(4, '黃雅婷', 'test04@example.com', '$2y$10$vJ.78xL5xOjHlzz2MygK4OOXN/Ru2wuL60iTVXO0iYMibYK6uPZ02', '0912000004', 'A223456781', '1995-03-21', '黃爸爸', '0988000004', '2026-01-31 13:30:00', 1, '2026-01-31 13:30:00'),
(5, '張家豪', 'test05@example.com', '$2y$10$vJ.78xL5xOjHlzz2MygK4OOXN/Ru2wuL60iTVXO0iYMibYK6uPZ02', '0912000005', 'A123456789', '1990-07-08', '張太太', '0988000005', '2026-01-31 13:35:00', 1, '2026-01-31 13:35:00'),
(6, '李佩珊', 'test06@example.com', '$2y$10$vJ.78xL5xOjHlzz2MygK4OOXN/Ru2wuL60iTVXO0iYMibYK6uPZ02', '0912000006', 'A223456781', '1998-12-30', '李媽媽', '0988000006', '2026-01-31 13:40:00', 1, '2026-01-31 13:40:00'),
(7, '吳承翰', 'test07@example.com', '$2y$10$vJ.78xL5xOjHlzz2MygK4OOXN/Ru2wuL60iTVXO0iYMibYK6uPZ02', '0912000007', 'A123456789', '1987-01-19', '吳媽媽', '0988000007', '2026-01-31 13:45:00', 1, '2026-01-31 13:45:00'),
(8, '蔡依庭', 'test08@example.com', '$2y$10$vJ.78xL5xOjHlzz2MygK4OOXN/Ru2wuL60iTVXO0iYMibYK6uPZ02', '0912000008', 'A223456781', '1996-09-11', '蔡爸爸', '0988000008', '2026-01-31 13:50:00', 1, '2026-01-31 13:50:00'),
(9, '劉冠廷', 'test09@example.com', '$2y$10$vJ.78xL5xOjHlzz2MygK4OOXN/Ru2wuL60iTVXO0iYMibYK6uPZ02', '0912000009', 'A123456789', '1991-04-05', '劉太太', '0988000009', '2026-01-31 13:55:00', 1, '2026-01-31 13:55:00'),
(10, '鄭宇軒', 'test10@example.com', '$2y$10$vJ.78xL5xOjHlzz2MygK4OOXN/Ru2wuL60iTVXO0iYMibYK6uPZ02', '0912000010', 'A123456789', '1993-06-18', '鄭媽媽', '0988000010', '2026-01-31 14:00:00', 1, '2026-01-31 14:00:00'),
(11, '許佳穎', 'test11@example.com', '$2y$10$vJ.78xL5xOjHlzz2MygK4OOXN/Ru2wuL60iTVXO0iYMibYK6uPZ02', '0912000011', 'A223456781', '1997-10-09', '許媽媽', '0988000011', '2026-01-31 14:05:00', 1, '2026-01-31 14:05:00'),
(12, '周子瑜', 'test12@example.com', '$2y$10$vJ.78xL5xOjHlzz2MygK4OOXN/Ru2wuL60iTVXO0iYMibYK6uPZ02', '0912000012', 'A223456781', '1999-06-14', '周爸爸', '0988000012', '2026-01-31 14:10:00', 1, '2026-01-31 14:10:00'),
(13, '何俊宏', 'test13@example.com', '$2y$10$vJ.78xL5xOjHlzz2MygK4OOXN/Ru2wuL60iTVXO0iYMibYK6uPZ02', '0912000013', 'A123456789', '1988-02-27', '何太太', '0988000013', '2026-01-31 14:15:00', 1, '2026-01-31 14:15:00'),
(14, '蘇怡君', 'test14@example.com', '$2y$10$vJ.78xL5xOjHlzz2MygK4OOXN/Ru2wuL60iTVXO0iYMibYK6uPZ02', '0912000014', 'A223456781', '1994-08-03', '蘇媽媽', '0988000014', '2026-01-31 14:20:00', 1, '2026-01-31 14:20:00'),
(15, '高志明', 'test15@example.com', '$2y$10$vJ.78xL5xOjHlzz2MygK4OOXN/Ru2wuL60iTVXO0iYMibYK6uPZ02', '0912000015', 'A123456789', '1985-12-12', '高太太', '0988000015', '2026-01-31 14:25:00', 1, '2026-01-31 14:25:00'),
(16, '簡詩涵', 'test16@example.com', '$2y$10$vJ.78xL5xOjHlzz2MygK4OOXN/Ru2wuL60iTVXO0iYMibYK6uPZ02', '0912000016', 'A223456781', '2000-01-25', '簡媽媽', '0988000016', '2026-01-31 14:30:00', 1, '2026-01-31 14:30:00'),
(17, '范峻瑋', 'test17@example.com', '$2y$10$vJ.78xL5xOjHlzz2MygK4OOXN/Ru2wuL60iTVXO0iYMibYK6uPZ02', '0912000017', 'A123456789', '1992-03-12', '范爸爸', '0988000017', '2026-02-01 09:00:00', 1, '2026-02-01 09:00:00'),
(18, '彭曉雲', 'test18@example.com', '$2y$10$vJ.78xL5xOjHlzz2MygK4OOXN/Ru2wuL60iTVXO0iYMibYK6uPZ02', '0912000018', 'A223456781', '1995-11-20', '彭媽媽', '0988000018', '2026-02-01 09:10:00', 1, '2026-02-01 09:10:00'),
(19, '蕭家銘', 'test19@example.com', '$2y$10$vJ.78xL5xOjHlzz2MygK4OOXN/Ru2wuL60iTVXO0iYMibYK6uPZ02', '0912000019', 'A123456789', '1988-07-05', '蕭太太', '0988000019', '2026-02-01 09:20:00', 1, '2026-02-01 09:20:00'),
(20, '潘育如', 'test20@example.com', '$2y$10$vJ.78xL5xOjHlzz2MygK4OOXN/Ru2wuL60iTVXO0iYMibYK6uPZ02', '0912000020', 'A223456781', '1993-04-14', '潘爸爸', '0988000020', '2026-02-01 09:30:00', 1, '2026-02-01 09:30:00'),
(21, '田曼婷', 'test21@example.com', '$2y$10$vJ.78xL5xOjHlzz2MygK4OOXN/Ru2wuL60iTVXO0iYMibYK6uPZ02', '0912000021', 'A223456781', '1996-08-25', '田媽媽', '0988000021', '2026-02-01 09:40:00', 1, '2026-02-01 09:40:00'),
(22, '任哲賢', 'test22@example.com', '$2y$10$vJ.78xL5xOjHlzz2MygK4OOXN/Ru2wuL60iTVXO0iYMibYK6uPZ02', '0912000022', 'A123456789', '1991-12-01', '任太太', '0988000022', '2026-02-01 09:50:00', 1, '2026-02-01 09:50:00'),
(23, '卓佳勳', 'test23@example.com', '$2y$10$vJ.78xL5xOjHlzz2MygK4OOXN/Ru2wuL60iTVXO0iYMibYK6uPZ02', '0912000023', 'A123456789', '1989-05-30', '卓爸爸', '0988000023', '2026-02-01 10:00:00', 1, '2026-02-01 10:00:00'),
(24, '余若瑄', 'test24@example.com', '$2y$10$vJ.78xL5xOjHlzz2MygK4OOXN/Ru2wuL60iTVXO0iYMibYK6uPZ02', '0912000024', 'A223456781', '1997-02-14', '余媽媽', '0988000024', '2026-02-01 10:10:00', 1, '2026-02-01 10:10:00'),
(25, '程大鈞', 'test25@example.com', '$2y$10$vJ.78xL5xOjHlzz2MygK4OOXN/Ru2wuL60iTVXO0iYMibYK6uPZ02', '0912000025', 'A123456789', '1986-10-11', '程太太', '0988000025', '2026-02-01 10:20:00', 1, '2026-02-01 10:20:00'),
(26, '柳雅文', 'test26@example.com', '$2y$10$vJ.78xL5xOjHlzz2MygK4OOXN/Ru2wuL60iTVXO0iYMibYK6uPZ02', '0912000026', 'A223456781', '1994-06-22', '柳媽媽', '0988000026', '2026-02-01 10:30:00', 1, '2026-02-01 10:30:00'),
(27, '蔣文傑', 'test27@example.com', '$2y$10$vJ.78xL5xOjHlzz2MygK4OOXN/Ru2wuL60iTVXO0iYMibYK6uPZ02', '0912000027', 'A123456789', '1990-09-09', '蔣爸爸', '0988000027', '2026-02-01 10:40:00', 1, '2026-02-01 10:40:00'),
(28, '湯詩婷', 'test28@example.com', '$2y$10$vJ.78xL5xOjHlzz2MygK4OOXN/Ru2wuL60iTVXO0iYMibYK6uPZ02', '0912000028', 'A223456781', '1998-01-30', '湯媽媽', '0988000028', '2026-02-01 10:50:00', 1, '2026-02-01 10:50:00'),
(29, '康志強', 'test29@example.com', '$2y$10$vJ.78xL5xOjHlzz2MygK4OOXN/Ru2wuL60iTVXO0iYMibYK6uPZ02', '0912000029', 'A123456789', '1987-04-18', '康太太', '0988000029', '2026-02-01 11:00:00', 1, '2026-02-01 11:00:00'),
(30, '倪佩妤', 'test30@example.com', '$2y$10$vJ.78xL5xOjHlzz2MygK4OOXN/Ru2wuL60iTVXO0iYMibYK6uPZ02', '0912000030', 'A223456781', '1999-12-12', '倪爸爸', '0988000030', '2026-02-01 11:10:00', 1, '2026-02-01 11:10:00');


-- --------------------------------------------------------

--
-- 資料表結構 `MEMBER_EMAIL_VERIFICATION`
--

CREATE TABLE `MEMBER_EMAIL_VERIFICATION` (
  `VERIFICATION_ID` int(11) NOT NULL COMMENT '驗證流水號',
  `MEMBER_ID` int(11) NOT NULL COMMENT '對應會員識別編號',
  `CODE_HASH` varchar(255) NOT NULL COMMENT '驗證碼雜湊（不要存明碼）',
  `EXPIRES_AT` datetime NOT NULL COMMENT '過期時間',
  `VERIFIED_AT` datetime DEFAULT NULL COMMENT '驗證成功時間',
  `USED_AT` datetime DEFAULT NULL COMMENT '註冊使用時間',
  `ATTEMPTS` int(11) NOT NULL DEFAULT '0' COMMENT '輸入錯誤次數',
  `CREATED_AT` datetime NOT NULL DEFAULT CURRENT_TIMESTAMP COMMENT '建立時間'
) ENGINE=InnoDB DEFAULT CHARSET=utf8mb4 COMMENT='會員註冊 Email 驗證碼';

-- --------------------------------------------------------

--
-- 資料表結構 `NEWS`
--

CREATE TABLE `NEWS` (
  `NEWS_ID` int(11) NOT NULL COMMENT '文章編號',
  `ADMIN_ID` varchar(20) NOT NULL COMMENT '發布管理者帳號/ID',
  `NEWS_TITLE` varchar(100) NOT NULL COMMENT '文章標題',
  `NEWS_CATEGORY` varchar(50) NOT NULL COMMENT '文章分類',
  `NEWS_PUBLISHED_AT` datetime NOT NULL COMMENT '發布時間',
  `NEWS_CONTENT` longtext NOT NULL COMMENT '文章內容',
  `NEWS_IMAGE_PATH` varchar(255) NOT NULL COMMENT '文章圖片',
  `NEWS_STATUS` varchar(10) NOT NULL COMMENT '文章狀態'
) ENGINE=InnoDB DEFAULT CHARSET=utf8mb4 COMMENT='最新消息';

--
-- 傾印資料表的資料 `NEWS`
--

INSERT INTO `NEWS` (`NEWS_ID`, `ADMIN_ID`, `NEWS_TITLE`, `NEWS_CATEGORY`, `NEWS_PUBLISHED_AT`, `NEWS_CONTENT`, `NEWS_IMAGE_PATH`, `NEWS_STATUS`) VALUES
(1, 'admin001', '海洋污染成隱形殺手,研究顯示 8 成海龜體內含微塑膠', '重要公告', '2025-08-10 14:30:00', '一份最新的跨國研究指出,全球海洋中的海龜皆面臨微塑膠威脅,這將影響牠們的生殖能力與免疫系統。', 'news/news31.jpg', 'published'),
(2, 'admin001', '【系統公告】資料庫備份作業通知,系統將暫時停止營運', '重要公告', '2025-08-15 02:00:00', '系統將進行每月例行性資料庫備份,預計耗時 30 分鐘。作業期間網站瀏覽可能會有短暫延遲,不影響資料存取。', 'news/news30.jpg', 'published'),
(3, 'admin001', '【地點更換】親子環保 DIY 教室改至 B1 會議室舉行', '異動通知', '2025-08-20 10:00:00', '原定於一樓大廳舉辦的親子環保 DIY 活動,因場地設備檢修,將改至地下一樓 B1 會議室舉行,時間維持不變。', 'news/news29.png', 'published'),
(4, 'admin002', '【緊急招募】颱風過境急需 50 位志工清理宜蘭外澳沙灘', '異動通知', '2025-08-30 08:00:00', '颱風帶來大量海漂垃圾,若不盡快清理將被捲回海中。我們臨時發起緊急淨灘,本週六早上需要你的雙手支援!', 'news/news28.jpg', 'published'),
(5, 'admin002', '【影片】海龜視角看世界!GoPro 意外拍下的驚奇畫面', '重要公告', '2025-09-05 12:00:00', '潛水客遺落的相機意外記錄下了海龜一天的生活。從覓食到浮出水面換氣,帶你用第一人稱視角體驗海龜日常。', 'news/news27.jpg', 'published'),
(6, 'admin002', '中秋連假海邊烤肉?請記得「無痕海洋」原則', '重要公告', '2025-09-15 16:00:00', '中秋佳節在海邊賞月烤肉固然愜意,但請務必帶走所有垃圾與炭灰,避免流入海洋成為海龜的致命食物。', 'news/news26.jpg', 'published'),
(7, 'admin003', '網站隱私權政策與 Cookie 條款更新通知', '重要公告', '2025-09-20 09:00:00', '我們更新了隱私權政策與 Cookie 使用條款,以符合最新的個資保護法規。繼續使用本網站即代表您同意新版條款。', 'news/news25.jpg', 'published'),
(8, 'admin003', '【期限延長】2025 秋季淨灘活動報名延長三天', '異動通知', '2025-09-25 10:00:00', '回應大家的熱情,我們決定將報名截止時間延長至 9/28!還沒報名的朋友請把握最後機會,一起為海洋盡一份心力。', 'news/news24.jpg', 'published'),
(9, 'admin003', '賞龜公約推廣:不觸摸、不追逐、不驚擾', '重要公告', '2025-10-01 14:00:00', '在水下遇見海龜好興奮?請保持 5 公尺以上距離,你的觸摸可能會讓海龜受到驚嚇甚至感染細菌。愛牠,請保持距離。', 'news/news23.png', 'published'),
(10, 'admin001', '募資計畫啟動:為海龜醫院添購新的 X 光機', '重要公告', '2025-10-10 10:00:00', '原本的設備已老舊不堪使用,我們需要您的力量,為海龜醫院添購數位 X 光機,讓受傷海龜能獲得更精準的診斷。', 'news/news22.jpg', 'published'),
(11, 'admin001', '學術新發現!台灣東部海域發現玳瑁海龜新覓食熱點', '重要公告', '2025-10-18 11:00:00', '海洋大學研究團隊透過衛星發報器追蹤,在台東外海發現極為罕見的玳瑁群聚覓食熱點,這對劃設保護區有重大意義。', 'news/news21.png', 'published'),
(12, 'admin001', '【故障排除】圖片上傳失敗問題已修復完成', '重要公告', '2025-10-25 17:00:00', '稍早部分使用者反應無法上傳淨灘成果照片,工程團隊已修復此問題,目前功能已恢復正常,感謝您的耐心等候。', 'news/news20.jpg', 'published'),
(13, 'admin002', '國際志工日特別企劃:聽資深保育員講故事', '重要公告', '2025-11-01 13:00:00', '他們在海邊守了 20 年,只為看著小海龜平安游向大海。國際志工日,來聽聽這些默默付出的無名英雄的故事。', 'news/news19.png', 'published'),
(14, 'admin002', '【活動改期】原定 11/15 墾丁淨灘活動順延一週', '異動通知', '2025-11-10 16:00:00', '因場地協調因素,墾丁後壁湖淨灘活動將順延至 11/22 舉行。已報名的志工無需重新報名,無法參加者請回信告知。', 'news/news18.png', 'published'),
(15, 'admin002', '【暫停服務】辦公室春節期間暫停行政服務通知', '異動通知', '2025-11-20 08:00:00', '本協會辦公室將於春節期間暫停行政服務,但海龜救援專線 24 小時仍有人員值班,若遇緊急狀況請直接撥打專線。', 'news/news17.jpg', 'published'),
(16, 'admin003', '與海洋共生:在地漁民合作計畫啟動,推廣友善漁具', '重要公告', '2025-11-28 10:00:00', '為了減少海龜誤觸漁網難斃的悲劇,我們與屏東在地漁會合作,推廣使用對海龜更友善的圓形魚鉤與逃脫裝置。', 'news/news16.jpg', 'published'),
(17, 'admin003', '網站新功能:即時海龜追蹤地圖 Beta 版上線', '重要公告', '2025-12-05 11:00:00', '想知道我們野放的海龜游到哪裡了嗎?全新的「海龜追蹤地圖」上線囉!快來看看「小海」是不是又游回小琉球了。', 'news/news15.jpg', 'published'),
(18, 'admin003', '【報名額滿】2026 寒假小小海龜保育員體驗營已截止', '異動通知', '2025-12-10 09:30:00', '感謝各位家長熱烈支持,寒假體驗營兩梯次皆已額滿。系統已關閉報名表單,若有釋出名額將另行公告。', 'news/news14.jpg', 'published'),
(19, 'admin001', '發現受傷海龜怎麼辦?「海龜救援 123」標準流程教學', '重要公告', '2025-12-15 14:00:00', '在海邊發現擱淺或受傷的海龜時,千萬不要急著把牠推回海裡!請記住這三個步驟:1. 撥打 118、2. 記錄地點、3. 保濕覆蓋。', 'news/news13.png', 'published'),
(20, 'admin001', '別讓吸管成為兇手!「減塑生活 30 天」挑戰賽開跑', '重要公告', '2025-12-20 12:00:00', '每天一個減塑小任務,連續 30 天,養成愛護海洋的好習慣。完成挑戰還有機會獲得限量環保餐具組!', 'news/news12.jpg', 'published'),
(21, 'admin001', '【取消公告】1/20 北海岸淨灘活動因豪雨特報取消', '異動通知', '2025-12-28 15:30:00', '氣象局發布豪雨特報,且沿海風浪過大,為顧及參與者安全,原定本週日的北海岸淨灘活動確定取消,不另擇期。', 'news/news11.jpg', 'published'),
(22, 'admin002', '2025 年度海龜保育成果報告書正式上線', '重要公告', '2026-01-01 10:00:00', '感謝大家過去一年的支持!2025 年我們共救援了 12 隻海龜,並清除了超過 3 噸的海廢。詳細數據請下載完整報告。', 'news/news10.png', 'published'),
(23, 'admin002', '【服務暫停】線上捐款功能將於 1/8 上午暫停維護', '異動通知', '2026-01-05 09:00:00', '配合金流服務商系統維護,本站將於 1/8 上午 10:00 至 12:00 暫停信用卡捐款服務,造成不便敬請見諒。', 'news/news9.png', 'published'),
(24, 'admin002', '海廢藝術展「塑縛」將於駁二特區盛大開幕', '重要公告', '2026-01-10 13:15:00', '由 10 位藝術家利用淨灘撿拾的海洋廢棄物創作,展覽將於本週末在駁二藝術特區登場,歡迎免費參觀。', 'news/news8.jpg', 'published'),
(25, 'admin003', '【名額釋出】澎湖望安巡守隊追加 5 名志工,欲報從速', '異動通知', '2026-01-12 11:45:00', '由於部分志工行程異動,我們釋出了 5 個寶貴的名額!這是一次難得的機會,額滿後系統將自動關閉報名。', 'news/news7.png', 'published'),
(26, 'admin003', '【系統維護】網站伺服器將於 2026/02/01 暫停服務兩小時', '重要公告', '2026-01-14 09:00:00', '為了提供更穩定的連線品質,本站將於 2026 年 2 月 1 日凌晨 02:00 至 04:00 進行伺服器維護,期間將暫停所有報名與捐款功能。', 'news/news6.jpg', 'published'),
(27, 'admin003', '【資安升級】會員系統更新說明,請盡快重設您的密碼', '重要公告', '2026-01-15 08:00:00', '為了加強個人資料保護,我們已全面升級會員加密系統。請所有會員登入後依照指示重設密碼,以確保帳戶安全。', 'news/news5.jpg', 'published'),
(28, 'admin001', '守護海洋安全第一:【龜途】2025 綠蠵龜棲地守護淨灘活動延期通知', '重要公告', '2026-01-16 09:00:00', '親愛的用戶您好,本平台將於下週六凌晨進行例行性系統維護,預計暫停服務 4 小時,造成不便敬請見諒。', 'news/news4.png', 'published'),
(29, 'admin001', '好消息!重傷綠蠵龜「安安」康復,將於本週日進行野放', '重要公告', '2026-01-18 16:20:00', '經過獸醫團隊長達半年的細心照料,誤食塑膠袋的綠蠵龜「安安」終於恢復健康,誠摯邀請大家到場給予祝福。', 'news/news3.png', 'published'),
(30, 'admin001', '【緊急異動】因強烈颱風接近,本週六「海龜生態講座」延期', '異動通知', '2026-01-20 10:00:00', '考量志工與學員安全,原定本週六於基隆舉辦的生態講座將延期至下個月,詳細退費或保留資格辦法請見內文。', 'news/news2.jpg', 'published'),
(31, 'admin002', '還給海龜乾淨的家:2026 小琉球春季大型淨灘招募啟動', '重要公告', '2026-01-25 14:30:00', '春暖花開,正是海龜準備洄游的季節。邀請您與我們一同前往小琉球,清除沙灘廢棄物,迎接海龜媽媽回家。', 'news/news1.png', 'published');

-- --------------------------------------------------------

--
-- 資料表結構 `RESCUES`
--

CREATE TABLE `RESCUES` (
  `RESCUE_ID` int(11) NOT NULL COMMENT '海龜救援編號',
  `UPLOAD_DATE` datetime NOT NULL DEFAULT CURRENT_TIMESTAMP COMMENT '上傳時間',
  `TURTLE_NAME` varchar(50) NOT NULL COMMENT '海龜姓名',
  `SPECIES` varchar(10) NOT NULL COMMENT '品種',
  `LOCATION` varchar(20) NOT NULL COMMENT '發現地點',
  `STORY_CONTENT` varchar(200) NOT NULL COMMENT '受傷原因與故事文案',
  `RECOVERY_STATUS` varchar(10) NOT NULL COMMENT '目前救治階段',
  `IMAGE_PATH` varchar(255) NOT NULL COMMENT '照片路徑'
) ENGINE=InnoDB DEFAULT CHARSET=utf8mb4 COMMENT='海龜救援';

--
-- 傾印資料表的資料 `RESCUES`
--

INSERT INTO `RESCUES` (`RESCUE_ID`, `UPLOAD_DATE`, `TURTLE_NAME`, `SPECIES`, `LOCATION`, `STORY_CONTENT`, `RECOVERY_STATUS`, `IMAGE_PATH`) VALUES
(1, '2026-01-31 13:17:01', '波波', '綠蠵龜', '小琉球美人洞', '波波被發現時漂浮在海面上無法下潛，經X光檢查發現腸道內充滿大量塑膠垃圾，導致氣體堆積。目前正在進行排便治療與點滴輸液，精神狀況稍有起色，但仍需密切觀察排便狀況。志工們每天都期待能看到牠順利排出更多塑膠。', '醫療照護', 'savedcases/bobo.png'),
(2, '2026-01-31 13:17:01', '琥珀', '玳瑁', '台東三仙台沿岸', '民眾通報發現琥珀擱淺在礁岩區，背甲有明顯的船槳螺旋槳切割傷，傷口深可見骨。剛送抵中心，獸醫團隊正在進行傷口清創與細菌採樣，並評估是否需要進行緊急縫合手術。這兩週將是觀察感染是否擴散的關鍵危險期。', '入院檢查', 'savedcases/amber.png'),
(3, '2026-01-31 13:17:01', '抹茶', '綠蠵龜', '墾丁白沙灣', '抹茶因誤食魚鉤導致食道受傷，經過內視鏡手術成功取出魚鉤後，食道傷口癒合良好。目前已開始嘗試主動攝食，食慾不錯，喜歡吃新鮮的海藻，體重正在穩定回升中。偶爾牠還會追著水槽裡的蔬菜到處跑呢。', '休養觀察', 'savedcases/matcha.png'),
(4, '2026-01-31 13:17:01', '海海', '綠蠵龜', '澎湖望安沙灘', '海海是去年底被廢棄漁網纏繞的前肢截肢個體。經過半年的復健，牠已經完全適應了三肢游泳的生活，泳速與潛水能力都達到野放標準。獸醫評估健康無虞，預計下週裝上衛星發報器後野放。大家雖有不捨，但也祝福牠能在大海自在遨遊。', '準備野放', 'savedcases/haihai.png'),
(5, '2026-01-31 13:17:01', '點點', '玳瑁', '宜蘭外澳沙灘', '點點被發現時體型消瘦，且背甲上附著大量藤壺，顯示已長期活動力低下。血液檢查顯示有嚴重貧血與脫水現象，目前安置在加護水槽中，每日給予高營養針劑治療。今天早上牠終於有力氣稍微抬起頭換氣了。', '醫療照護', 'savedcases/dot.png'),
(6, '2026-01-31 13:17:01', '勇士', '綠蠵龜', '新北貢寮', '勇士曾經因肺炎導致無法潛水，經過三個月的抗生素治療與隔離照護，肺部陰影完全消失。於昨日在志工與獸醫的見證下，在發現地順利重返大海，瞬間消失在浪花中。看著那堅定的背影，所有努力都值得了。', '重返大海', 'savedcases/warrior.png'),
(7, '2026-01-31 13:17:01', '可可', '玳瑁', '蘭嶼朗島', '可可是一隻體型嬌小的幼龜，被發現時卡在消波塊縫隙中。外觀無明顯外傷，但有輕微營養不良。經過兩週的調養，現在精神奕奕，看到照顧員會激動地拍水討食。活潑可愛的模樣，成為了中心裡的開心果。', '休養觀察', 'savedcases/coco.png'),
(8, '2026-01-31 13:17:01', '阿草', '綠蠵龜', '苗栗後龍海灘', '阿草在退潮時被困在淺灘，無法自行回到海中。初步外觀檢查發現右後肢有腫脹情形，懷疑是舊傷感染或骨折。目前暫時安置在觀察池，等待詳細的血液報告與影像檢查結果。牠靜靜趴在池底，似乎知道我們正在幫牠。', '入院檢查', 'savedcases/grass.png'),
(9, '2026-01-31 13:17:01', '大丸子', '綠蠵龜', '屏東後壁湖', '大丸子誤入定置網，雖被漁民即時救起，但因長時間無法浮出水面換氣而有輕微嗆水現象，導致肺部感染。目前正在接受霧化治療，呼吸雜音已逐漸減少。每次做完治療後，牠都會舒服地瞇起眼睛休息。', '醫療照護', 'savedcases/ball.png'),
(10, '2026-01-31 13:17:01', '金金', '玳瑁', '花蓮七星潭', '金金因背甲疑似遭受撞擊而有裂痕，所幸未傷及內臟。經過修補手術後，背甲裂縫已用醫療級樹脂固定。目前傷口乾燥無感染，正在淺水池中練習負重游泳，以防背甲癒合不正。雖然游得還不快，但牠非常努力練習平衡。', '休養觀察', 'savedcases/gold.png');

-- --------------------------------------------------------

--
-- 資料表結構 `RESULT_METRICS`
--

CREATE TABLE `RESULT_METRICS` (
  `METRIC_ID` int(11) NOT NULL COMMENT '成果定義編號',
  `METRIC_NAME` varchar(100) COLLATE utf8mb4_unicode_ci NOT NULL COMMENT '成果名稱 (如：垃圾總重量)',
  `METRIC_UNIT` varchar(50) COLLATE utf8mb4_unicode_ci DEFAULT NULL COMMENT '單位 (如：kg, 隻, 窩)',
  `ACTIVITY_CATEGORY_ID` int(11) NOT NULL COMMENT '適用活動類別 (1:淨灘, 2:巡守, 3:照護)',
  `CREATED_AT` datetime DEFAULT CURRENT_TIMESTAMP COMMENT '建立時間'
) ENGINE=InnoDB DEFAULT CHARSET=utf8mb4 COLLATE=utf8mb4_unicode_ci COMMENT='成果指標定義表';

--
-- 傾印資料表的資料 `RESULT_METRICS`
--

INSERT INTO `RESULT_METRICS` (`METRIC_ID`, `METRIC_NAME`, `METRIC_UNIT`, `ACTIVITY_CATEGORY_ID`, `CREATED_AT`) VALUES
(1, '垃圾總重量', 'kg', 1, '2026-01-31 13:17:01'),
(2, '垃圾袋數', '袋', 1, '2026-01-31 13:17:01'),
(3, '漁業廢棄物', '件', 1, '2026-01-31 13:17:01'),
(4, '塑膠瓶/蓋', '個', 1, '2026-01-31 13:17:01'),
(5, '發現痕跡數', '道', 2, '2026-01-31 13:17:01'),
(6, '確認卵窩數', '窩', 2, '2026-01-31 13:17:01'),
(7, '目擊母龜數', '隻', 2, '2026-01-31 13:17:01'),
(8, '海龜品種', NULL, 2, '2026-01-31 13:17:01'),
(9, '照護海龜數', '隻', 3, '2026-01-31 13:17:01'),
(10, '備餐重量', 'kg', 3, '2026-01-31 13:17:01'),
(11, '清洗水池數', '池', 3, '2026-01-31 13:17:01'),
(12, '環境整理時數', '小時', 3, '2026-01-31 13:17:01'),
(13, '參與活動志工人數', '人', 0, '2026-01-31 13:17:01');

-- --------------------------------------------------------

--
-- 資料表結構 `SUBSCRIPTION`
--

CREATE TABLE `SUBSCRIPTION` (
  `SUBSCRIPTION_ID` int(11) NOT NULL COMMENT '定期定額捐款編號',
  `MEMBER_ID` int(11) NOT NULL COMMENT '會員識別編號',
  `AMOUNT` int(11) NOT NULL COMMENT '每期捐款金額',
  `START_DATE` date NOT NULL COMMENT '開始日期',
  `STATUS` tinyint(1) NOT NULL DEFAULT '1' COMMENT '是否正常扣款(1為正常，0為停止)',
  `END_DATE` date DEFAULT NULL COMMENT '結束日期',
  `ORDER_ID` varchar(100) CHARACTER SET utf8 COLLATE utf8_unicode_ci NOT NULL COMMENT '訂單編號(綠界查詢用)'
) ENGINE=InnoDB DEFAULT CHARSET=utf8mb4;

--
-- 傾印資料表的資料 `SUBSCRIPTION`
--

INSERT INTO `SUBSCRIPTION` (`SUBSCRIPTION_ID`, `MEMBER_ID`, `AMOUNT`, `START_DATE`, `STATUS`, `END_DATE`, `ORDER_ID`) VALUES
(135, 2, 1000, '2026-02-08', 1, NULL, 'ORDER20260208153958'),
(136, 3, 1487, '2026-02-08', 1, NULL, 'ORDER20260208154138'),
(138, 1, 7777, '2026-02-08', 1, NULL, 'ORDER20260208153622'),
(139, 7, 1234, '2026-02-08', 1, NULL, 'ORDER20260208154912'),
(140, 9, 8888, '2026-02-08', 1, NULL, 'ORDER20260208155307');

--
-- 已傾印資料表的索引
--


--
-- 資料表索引 `ACTIVITY_CATEGORIES`
--
ALTER TABLE `ACTIVITY_CATEGORIES`
  ADD PRIMARY KEY (`CATEGORY_ID`);

--
-- 資料表索引 `ACTIVITY_PHOTOS`
--
ALTER TABLE `ACTIVITY_PHOTOS`
  ADD PRIMARY KEY (`PHOTO_ID`),
  ADD KEY `IDX_ACTIVITY_ID` (`ACTIVITY_ID`);

--
-- 資料表索引 `ACTIVITY_RESULTS`
--
ALTER TABLE `ACTIVITY_RESULTS`
  ADD PRIMARY KEY (`RESULT_ID`),
  ADD KEY `IDX_ACTIVITY_ID` (`ACTIVITY_ID`);


--
-- 資料表索引 `ACTIVITY_REVIEWS_LIKES`
--
ALTER TABLE `ACTIVITY_REVIEWS_LIKES`
  ADD PRIMARY KEY (`REVIEW_ID`,`USER_ID`);

--
-- 資料表索引 `ACTIVITY_REVIEW_REPORTS`
--
ALTER TABLE `ACTIVITY_REVIEW_REPORTS`
  ADD PRIMARY KEY (`REPORT_ID`),
  ADD KEY `REVIEW_ID` (`REVIEW_ID`);


--
-- 資料表索引 `ADMIN_USER`
--
ALTER TABLE `ADMIN_USER`
  ADD PRIMARY KEY (`ADMIN_ID`);

--
-- 資料表索引 `DONATIONS`
--
ALTER TABLE `DONATIONS`
  ADD PRIMARY KEY (`DONATION_ID`),
  ADD KEY `FK_DONATION_SUBSCRIPTION` (`SUBSCRIPTION_ID`),
  ADD KEY `MEMBER_ID` (`MEMBER_ID`);

--
-- 資料表索引 `FAVORITES`
--
ALTER TABLE `FAVORITES`
  ADD PRIMARY KEY (`MEMBER_ID`,`ACTIVITY_ID`),
  ADD KEY `ACTIVITY_ID` (`ACTIVITY_ID`);

--
-- 資料表索引 `FINANCIAL_REPORTS`
--
ALTER TABLE `FINANCIAL_REPORTS`
  ADD PRIMARY KEY (`FINANCIAL_REPORT_ID`);

--
-- 資料表索引 `IMPACT_METRICS`
--
ALTER TABLE `IMPACT_METRICS`
  ADD PRIMARY KEY (`IMPACT_METRICS_ID`);

--
-- 資料表索引 `MEMBERS`
--
ALTER TABLE `MEMBERS`
  ADD PRIMARY KEY (`MEMBER_ID`),
  ADD UNIQUE KEY `UK_MEMBERS_EMAIL` (`MEMBER_EMAIL`);

--
-- 資料表索引 `MEMBER_EMAIL_VERIFICATION`
--
ALTER TABLE `MEMBER_EMAIL_VERIFICATION`
  ADD PRIMARY KEY (`VERIFICATION_ID`),
  ADD KEY `FK_VERIFICATION_MEMBER` (`MEMBER_ID`);

--
-- 資料表索引 `NEWS`
--
ALTER TABLE `NEWS`
  ADD PRIMARY KEY (`NEWS_ID`),
  ADD KEY `FK_ADMIN_ID` (`ADMIN_ID`);

--
-- 資料表索引 `RESCUES`
--
ALTER TABLE `RESCUES`
  ADD PRIMARY KEY (`RESCUE_ID`);

--
-- 資料表索引 `RESULT_METRICS`
--
ALTER TABLE `RESULT_METRICS`
  ADD PRIMARY KEY (`METRIC_ID`);

--
-- 資料表索引 `SUBSCRIPTION`
--
ALTER TABLE `SUBSCRIPTION`
  ADD PRIMARY KEY (`SUBSCRIPTION_ID`),
  ADD UNIQUE KEY `ORDER_ID` (`ORDER_ID`),
  ADD KEY `MEMBER_ID` (`MEMBER_ID`) USING BTREE;

--
-- 在傾印的資料表使用自動遞增(AUTO_INCREMENT)
--

--
-- 使用資料表自動遞增(AUTO_INCREMENT) `ACTIVITIES`
--
ALTER TABLE `ACTIVITIES`
  MODIFY `ACTIVITY_ID` int(11) NOT NULL AUTO_INCREMENT COMMENT '活動編號', AUTO_INCREMENT=31;

--
-- 使用資料表自動遞增(AUTO_INCREMENT) `ACTIVITY_CATEGORIES`
--
ALTER TABLE `ACTIVITY_CATEGORIES`
  MODIFY `CATEGORY_ID` int(11) NOT NULL AUTO_INCREMENT COMMENT '活動種類編號 (PK)', AUTO_INCREMENT=4;

--
-- 使用資料表自動遞增(AUTO_INCREMENT) `ACTIVITY_PHOTOS`
--
ALTER TABLE `ACTIVITY_PHOTOS`
  MODIFY `PHOTO_ID` int(11) NOT NULL AUTO_INCREMENT COMMENT '照片編號';

--
-- 使用資料表自動遞增(AUTO_INCREMENT) `ACTIVITY_RESULTS`
--
ALTER TABLE `ACTIVITY_RESULTS`
  MODIFY `RESULT_ID` int(11) NOT NULL AUTO_INCREMENT COMMENT '成果編號', AUTO_INCREMENT=33;

--
-- 使用資料表自動遞增(AUTO_INCREMENT) `ACTIVITY_REVIEWS`
--
ALTER TABLE `ACTIVITY_REVIEWS`
  MODIFY `REVIEW_ID` int(11) NOT NULL AUTO_INCREMENT COMMENT '心得編號', AUTO_INCREMENT=30;

--
-- 使用資料表自動遞增(AUTO_INCREMENT) `ACTIVITY_REVIEW_REPORTS`
--
ALTER TABLE `ACTIVITY_REVIEW_REPORTS`
  MODIFY `REPORT_ID` int(11) NOT NULL AUTO_INCREMENT, AUTO_INCREMENT=6;

--
-- 使用資料表自動遞增(AUTO_INCREMENT) `ACTIVITY_SIGNUPS`
--
ALTER TABLE `ACTIVITY_SIGNUPS`
  MODIFY `ACTIVITY_SIGNUP_ID` int(11) NOT NULL AUTO_INCREMENT COMMENT '報名編號', AUTO_INCREMENT=30;

--
-- 使用資料表自動遞增(AUTO_INCREMENT) `DONATIONS`
--
ALTER TABLE `DONATIONS`
  MODIFY `DONATION_ID` int(11) NOT NULL AUTO_INCREMENT COMMENT '捐款編號', AUTO_INCREMENT=65;

--
-- 使用資料表自動遞增(AUTO_INCREMENT) `FINANCIAL_REPORTS`
--
ALTER TABLE `FINANCIAL_REPORTS`
  MODIFY `FINANCIAL_REPORT_ID` int(11) NOT NULL AUTO_INCREMENT COMMENT '徵信資料編號', AUTO_INCREMENT=6;

--
-- 使用資料表自動遞增(AUTO_INCREMENT) `IMPACT_METRICS`
--
ALTER TABLE `IMPACT_METRICS`
  MODIFY `IMPACT_METRICS_ID` int(11) NOT NULL AUTO_INCREMENT COMMENT '我們的影響力編號', AUTO_INCREMENT=13;

--
-- 使用資料表自動遞增(AUTO_INCREMENT) `MEMBERS`
--
ALTER TABLE `MEMBERS`
  MODIFY `MEMBER_ID` int(11) NOT NULL AUTO_INCREMENT COMMENT '會員識別編號', AUTO_INCREMENT=2;

--
-- 使用資料表自動遞增(AUTO_INCREMENT) `MEMBER_EMAIL_VERIFICATION`
--
ALTER TABLE `MEMBER_EMAIL_VERIFICATION`
  MODIFY `VERIFICATION_ID` int(11) NOT NULL AUTO_INCREMENT COMMENT '驗證流水號';

--
-- 使用資料表自動遞增(AUTO_INCREMENT) `NEWS`
--
ALTER TABLE `NEWS`
  MODIFY `NEWS_ID` int(11) NOT NULL AUTO_INCREMENT COMMENT '文章編號', AUTO_INCREMENT=32;

--
-- 使用資料表自動遞增(AUTO_INCREMENT) `RESCUES`
--
ALTER TABLE `RESCUES`
  MODIFY `RESCUE_ID` int(11) NOT NULL AUTO_INCREMENT COMMENT '海龜救援編號', AUTO_INCREMENT=11;

--
-- 使用資料表自動遞增(AUTO_INCREMENT) `RESULT_METRICS`
--
ALTER TABLE `RESULT_METRICS`
  MODIFY `METRIC_ID` int(11) NOT NULL AUTO_INCREMENT COMMENT '成果定義編號', AUTO_INCREMENT=14;

--
-- 使用資料表自動遞增(AUTO_INCREMENT) `SUBSCRIPTION`
--
ALTER TABLE `SUBSCRIPTION`
  MODIFY `SUBSCRIPTION_ID` int(11) NOT NULL AUTO_INCREMENT COMMENT '定期定額捐款編號', AUTO_INCREMENT=135;

--
-- 已傾印資料表的限制式
--

--
-- 資料表的限制式 `ACTIVITY_REVIEWS_LIKES`
--
ALTER TABLE `ACTIVITY_REVIEWS_LIKES`
  ADD CONSTRAINT `ACTIVITY_REVIEWS_LIKES_IBFK_1` FOREIGN KEY (`REVIEW_ID`) REFERENCES `ACTIVITY_REVIEWS` (`REVIEW_ID`) ON DELETE CASCADE;

--
-- 資料表的限制式 `ACTIVITY_REVIEW_REPORTS`
--
ALTER TABLE `ACTIVITY_REVIEW_REPORTS`
  ADD CONSTRAINT `ACTIVITY_REVIEW_REPORTS_IBFK_1` FOREIGN KEY (`REVIEW_ID`) REFERENCES `ACTIVITY_REVIEWS` (`REVIEW_ID`) ON DELETE CASCADE;

--
-- 資料表的限制式 `DONATIONS`
--
ALTER TABLE `DONATIONS`
  ADD CONSTRAINT `DONATIONS_IBFK_1` FOREIGN KEY (`MEMBER_ID`) REFERENCES `MEMBERS` (`MEMBER_ID`),
  ADD CONSTRAINT `FK_DONATION_SUBSCRIPTION` FOREIGN KEY (`SUBSCRIPTION_ID`) REFERENCES `SUBSCRIPTION` (`SUBSCRIPTION_ID`) ON DELETE SET NULL ON UPDATE CASCADE;

--
-- 資料表的限制式 `FAVORITES`
--
ALTER TABLE `FAVORITES`
  ADD CONSTRAINT `FAVORITES_IBFK_1` FOREIGN KEY (`ACTIVITY_ID`) REFERENCES `ACTIVITIES` (`ACTIVITY_ID`) ON DELETE CASCADE;

--
-- 資料表的限制式 `MEMBER_EMAIL_VERIFICATION`
--
ALTER TABLE `MEMBER_EMAIL_VERIFICATION`
  ADD CONSTRAINT `FK_VERIFICATION_MEMBER` FOREIGN KEY (`MEMBER_ID`) REFERENCES `MEMBERS` (`MEMBER_ID`) ON DELETE CASCADE;

--
-- 資料表的限制式 `SUBSCRIPTION`
--
ALTER TABLE `SUBSCRIPTION`
  ADD CONSTRAINT `SUBSCRIPTION_IBFK_1` FOREIGN KEY (`MEMBER_ID`) REFERENCES `MEMBERS` (`MEMBER_ID`);
COMMIT;

/*!40101 SET CHARACTER_SET_CLIENT=@OLD_CHARACTER_SET_CLIENT */;
/*!40101 SET CHARACTER_SET_RESULTS=@OLD_CHARACTER_SET_RESULTS */;
/*!40101 SET COLLATION_CONNECTION=@OLD_COLLATION_CONNECTION */;
